id,status,expectativa_de_vida,hiv_aids
0,desenvolvimento,65.0,0.1
1,desenvolvimento,59.9,0.1
2,desenvolvimento,59.9,0.1
3,desenvolvimento,59.5,0.1
4,desenvolvimento,59.2,0.1
5,desenvolvimento,58.8,0.1
6,desenvolvimento,58.6,0.1
7,desenvolvimento,58.1,0.1
8,desenvolvimento,57.5,0.1
9,desenvolvimento,57.3,0.1
10,desenvolvimento,57.3,0.1
11,desenvolvimento,57.0,0.1
12,desenvolvimento,56.7,0.1
13,desenvolvimento,56.2,0.1
14,desenvolvimento,55.3,0.1
15,desenvolvimento,54.8,0.1
16,desenvolvimento,77.8,0.1
17,desenvolvimento,77.5,0.1
18,desenvolvimento,77.2,0.1
19,desenvolvimento,76.9,0.1
20,desenvolvimento,76.6,0.1
21,desenvolvimento,76.2,0.1
22,desenvolvimento,76.1,0.1
23,desenvolvimento,75.3,0.1
24,desenvolvimento,75.9,0.1
25,desenvolvimento,74.2,0.1
26,desenvolvimento,73.5,0.1
27,desenvolvimento,73.0,0.1
28,desenvolvimento,72.8,0.1
29,desenvolvimento,73.3,0.1
30,desenvolvimento,73.6,0.1
31,desenvolvimento,72.6,0.1
32,desenvolvimento,75.6,0.1
33,desenvolvimento,75.4,0.1
34,desenvolvimento,75.3,0.1
35,desenvolvimento,75.1,0.1
36,desenvolvimento,74.9,0.1
37,desenvolvimento,74.7,0.1
38,desenvolvimento,74.4,0.1
39,desenvolvimento,74.1,0.1
40,desenvolvimento,73.8,0.1
41,desenvolvimento,73.4,0.1
42,desenvolvimento,72.9,0.1
43,desenvolvimento,72.3,0.1
44,desenvolvimento,71.7,0.1
45,desenvolvimento,71.6,0.1
46,desenvolvimento,71.4,0.1
47,desenvolvimento,71.3,0.1
48,desenvolvimento,52.4,1.9
49,desenvolvimento,51.7,2.0
50,desenvolvimento,51.1,2.3
51,desenvolvimento,56.0,2.6
52,desenvolvimento,51.0,2.5
53,desenvolvimento,49.6,2.5
54,desenvolvimento,49.1,2.5
55,desenvolvimento,48.7,2.6
56,desenvolvimento,48.2,2.6
57,desenvolvimento,47.7,2.5
58,desenvolvimento,47.4,2.6
59,desenvolvimento,47.1,2.5
60,desenvolvimento,46.8,2.4
61,desenvolvimento,46.5,2.3
62,desenvolvimento,45.7,2.1
63,desenvolvimento,45.3,2.0
64,desenvolvimento,76.4,0.2
65,desenvolvimento,76.2,0.2
66,desenvolvimento,76.1,0.2
67,desenvolvimento,75.9,0.2
68,desenvolvimento,75.7,0.1
69,desenvolvimento,75.6,0.1
70,desenvolvimento,75.4,0.1
71,desenvolvimento,75.2,0.1
72,desenvolvimento,75.0,0.1
73,desenvolvimento,74.8,0.1
74,desenvolvimento,74.6,0.1
75,desenvolvimento,74.4,0.1
76,desenvolvimento,74.2,0.1
77,desenvolvimento,74.0,0.1
78,desenvolvimento,73.8,0.1
79,desenvolvimento,73.6,0.1
80,desenvolvimento,76.3,0.1
81,desenvolvimento,76.2,0.1
82,desenvolvimento,76.0,0.1
83,desenvolvimento,75.9,0.1
84,desenvolvimento,75.7,0.1
85,desenvolvimento,75.5,0.1
86,desenvolvimento,75.6,0.1
87,desenvolvimento,75.4,0.1
88,desenvolvimento,74.8,0.1
89,desenvolvimento,75.2,0.1
90,desenvolvimento,74.9,0.1
91,desenvolvimento,74.7,0.1
92,desenvolvimento,74.1,0.1
93,desenvolvimento,74.1,0.1
94,desenvolvimento,74.0,0.1
95,desenvolvimento,74.1,0.1
96,desenvolvimento,74.8,0.1
97,desenvolvimento,74.6,0.1
98,desenvolvimento,74.4,0.1
99,desenvolvimento,74.4,0.1
100,desenvolvimento,73.9,0.1
101,desenvolvimento,73.5,0.1
102,desenvolvimento,73.3,0.1
103,desenvolvimento,73.2,0.1
104,desenvolvimento,73.5,0.1
105,desenvolvimento,72.9,0.1
106,desenvolvimento,73.0,0.1
107,desenvolvimento,73.0,0.1
108,desenvolvimento,72.7,0.1
109,desenvolvimento,72.6,0.1
110,desenvolvimento,72.6,0.1
111,desenvolvimento,72.0,0.1
112,desenvolvido,82.8,0.1
113,desenvolvido,82.7,0.1
114,desenvolvido,82.5,0.1
115,desenvolvido,82.3,0.1
116,desenvolvido,82.0,0.1
117,desenvolvido,81.9,0.1
118,desenvolvido,81.7,0.1
119,desenvolvido,81.3,0.1
120,desenvolvido,81.3,0.1
121,desenvolvido,81.2,0.1
122,desenvolvido,81.0,0.1
123,desenvolvido,86.0,0.1
124,desenvolvido,83.0,0.1
125,desenvolvido,79.9,0.1
126,desenvolvido,79.9,0.1
127,desenvolvido,79.5,0.1
128,desenvolvido,81.5,0.1
129,desenvolvido,81.4,0.1
130,desenvolvido,81.1,0.1
131,desenvolvido,88.0,0.1
132,desenvolvido,88.0,0.1
133,desenvolvido,84.0,0.1
134,desenvolvido,82.0,0.1
135,desenvolvido,84.0,0.1
136,desenvolvido,81.0,0.1
137,desenvolvido,79.8,0.1
138,desenvolvido,79.4,0.1
139,desenvolvido,79.3,0.1
140,desenvolvido,78.8,0.1
141,desenvolvido,78.7,0.1
142,desenvolvido,78.6,0.1
143,desenvolvido,78.1,0.1
144,desenvolvimento,72.7,0.1
145,desenvolvimento,72.5,0.1
146,desenvolvimento,72.2,0.1
147,desenvolvimento,71.9,0.1
148,desenvolvimento,71.6,0.1
149,desenvolvimento,71.1,0.1
150,desenvolvimento,78.0,0.1
151,desenvolvimento,73.0,0.1
152,desenvolvimento,73.0,0.1
153,desenvolvimento,69.2,0.1
154,desenvolvimento,68.4,0.1
155,desenvolvimento,68.4,0.1
156,desenvolvimento,67.8,0.1
157,desenvolvimento,67.8,0.1
158,desenvolvimento,67.5,0.1
159,desenvolvimento,66.6,0.1
160,desenvolvimento,76.1,0.1
161,desenvolvimento,75.4,0.1
162,desenvolvimento,74.8,0.1
163,desenvolvimento,74.9,0.2
164,desenvolvimento,75.0,0.1
165,desenvolvimento,75.0,0.2
166,desenvolvimento,74.6,0.1
167,desenvolvimento,74.5,0.1
168,desenvolvimento,74.4,0.1
169,desenvolvimento,74.2,0.1
170,desenvolvimento,74.1,0.1
171,desenvolvimento,73.8,0.1
172,desenvolvimento,73.2,0.1
173,desenvolvimento,73.1,0.1
174,desenvolvimento,72.9,0.2
175,desenvolvimento,72.6,0.1
176,desenvolvimento,76.9,0.1
177,desenvolvimento,76.8,0.1
178,desenvolvimento,76.7,0.1
179,desenvolvimento,76.5,0.1
180,desenvolvimento,76.1,0.1
181,desenvolvimento,76.1,0.1
182,desenvolvimento,76.0,0.1
183,desenvolvimento,75.8,0.1
184,desenvolvimento,75.6,0.1
185,desenvolvimento,75.5,0.1
186,desenvolvimento,75.3,0.1
187,desenvolvimento,75.2,0.1
188,desenvolvimento,75.0,0.1
189,desenvolvimento,74.9,0.1
190,desenvolvimento,74.7,0.1
191,desenvolvimento,74.5,0.1
192,desenvolvimento,71.8,0.1
193,desenvolvimento,71.4,0.1
194,desenvolvimento,71.0,0.1
195,desenvolvimento,77.0,0.1
196,desenvolvimento,73.0,0.1
197,desenvolvimento,69.9,0.1
198,desenvolvimento,69.5,0.1
199,desenvolvimento,69.1,0.1
200,desenvolvimento,68.6,0.1
201,desenvolvimento,68.2,0.1
202,desenvolvimento,67.8,0.1
203,desenvolvimento,67.3,0.1
204,desenvolvimento,66.8,0.1
205,desenvolvimento,66.3,0.1
206,desenvolvimento,65.8,0.1
207,desenvolvimento,65.3,0.1
208,desenvolvimento,75.5,0.1
209,desenvolvimento,75.4,0.1
210,desenvolvimento,75.2,0.1
211,desenvolvimento,75.1,0.1
212,desenvolvimento,74.9,0.1
213,desenvolvimento,74.7,0.1
214,desenvolvimento,74.6,0.1
215,desenvolvimento,74.4,0.1
216,desenvolvimento,74.2,0.1
217,desenvolvimento,74.1,0.1
218,desenvolvimento,73.9,0.1
219,desenvolvimento,73.8,0.2
220,desenvolvimento,73.7,0.4
221,desenvolvimento,73.5,0.8
222,desenvolvimento,73.4,0.7
223,desenvolvimento,73.3,0.9
224,desenvolvimento,72.3,0.1
225,desenvolvimento,72.0,0.1
226,desenvolvimento,71.7,0.1
227,desenvolvimento,71.9,0.1
228,desenvolvimento,72.0,0.1
229,desenvolvimento,73.0,0.1
230,desenvolvimento,70.0,0.1
231,desenvolvimento,70.0,0.1
232,desenvolvimento,69.8,0.1
233,desenvolvimento,68.9,0.1
234,desenvolvimento,68.1,0.1
235,desenvolvimento,68.2,0.1
236,desenvolvimento,67.7,0.1
237,desenvolvimento,67.2,0.1
238,desenvolvimento,67.7,0.1
239,desenvolvimento,68.0,0.1
240,desenvolvido,81.1,0.1
241,desenvolvido,89.0,0.1
242,desenvolvido,87.0,0.1
243,desenvolvido,83.0,0.1
244,desenvolvido,83.0,0.1
245,desenvolvido,80.0,0.1
246,desenvolvido,79.8,0.1
247,desenvolvido,79.5,0.1
248,desenvolvido,79.5,0.1
249,desenvolvido,79.4,0.1
250,desenvolvido,78.9,0.1
251,desenvolvido,78.8,0.1
252,desenvolvido,78.3,0.1
253,desenvolvido,78.0,0.1
254,desenvolvido,78.0,0.1
255,desenvolvido,77.6,0.1
256,desenvolvimento,71.0,0.2
257,desenvolvimento,70.0,0.2
258,desenvolvimento,69.8,0.2
259,desenvolvimento,69.4,0.1
260,desenvolvimento,69.4,0.5
261,desenvolvimento,69.5,0.2
262,desenvolvimento,69.5,0.3
263,desenvolvimento,69.6,0.1
264,desenvolvimento,69.6,0.6
265,desenvolvimento,69.4,0.6
266,desenvolvimento,69.0,0.8
267,desenvolvimento,68.7,0.8
268,desenvolvimento,68.4,1.5
269,desenvolvimento,68.5,0.1
270,desenvolvimento,68.2,0.4
271,desenvolvimento,68.3,0.3
272,desenvolvimento,60.0,1.0
273,desenvolvimento,59.7,1.1
274,desenvolvimento,59.5,1.2
275,desenvolvimento,59.3,1.3
276,desenvolvimento,59.1,1.4
277,desenvolvimento,58.7,1.4
278,desenvolvimento,58.4,1.6
279,desenvolvimento,57.6,1.8
280,desenvolvimento,57.1,2.0
281,desenvolvimento,56.8,2.0
282,desenvolvimento,56.5,2.1
283,desenvolvimento,56.1,2.1
284,desenvolvimento,55.8,2.1
285,desenvolvimento,55.6,2.1
286,desenvolvimento,55.5,2.1
287,desenvolvimento,55.4,2.0
288,desenvolvimento,69.8,0.5
289,desenvolvimento,69.4,0.5
290,desenvolvimento,69.1,0.6
291,desenvolvimento,68.7,0.6
292,desenvolvimento,68.3,0.5
293,desenvolvimento,67.9,0.5
294,desenvolvimento,67.4,0.4
295,desenvolvimento,67.0,0.4
296,desenvolvimento,66.5,0.3
297,desenvolvimento,65.8,0.3
298,desenvolvimento,65.0,0.3
299,desenvolvimento,64.2,0.3
300,desenvolvimento,63.3,0.2
301,desenvolvimento,62.5,0.1
302,desenvolvimento,61.7,0.1
303,desenvolvimento,62.0,0.1
304,desenvolvimento,77.0,0.1
305,desenvolvimento,74.0,0.1
306,desenvolvimento,71.0,0.1
307,desenvolvimento,69.8,0.1
308,desenvolvimento,69.3,0.2
309,desenvolvimento,68.7,0.2
310,desenvolvimento,68.0,0.2
311,desenvolvimento,67.4,0.2
312,desenvolvimento,66.8,0.2
313,desenvolvimento,66.2,0.2
314,desenvolvimento,65.7,0.2
315,desenvolvimento,65.1,0.2
316,desenvolvimento,64.5,0.2
317,desenvolvimento,63.9,0.1
318,desenvolvimento,63.3,0.1
319,desenvolvimento,62.6,0.1
320,desenvolvimento,77.4,0.1
321,desenvolvimento,77.2,0.1
322,desenvolvimento,77.0,0.1
323,desenvolvimento,76.8,0.1
324,desenvolvimento,76.9,0.1
325,desenvolvimento,76.4,0.1
326,desenvolvimento,76.1,0.1
327,desenvolvimento,76.0,0.1
328,desenvolvimento,75.4,0.1
329,desenvolvimento,75.7,0.1
330,desenvolvimento,75.0,0.1
331,desenvolvimento,75.5,0.1
332,desenvolvimento,75.2,0.1
333,desenvolvimento,75.4,0.1
334,desenvolvimento,74.9,0.1
335,desenvolvimento,74.6,0.1
336,desenvolvimento,65.7,2.2
337,desenvolvimento,65.1,2.3
338,desenvolvimento,64.2,2.8
339,desenvolvimento,63.4,4.4
340,desenvolvimento,62.2,5.5
341,desenvolvimento,61.1,6.2
342,desenvolvimento,59.2,9.0
343,desenvolvimento,57.5,12.7
344,desenvolvimento,56.9,13.4
345,desenvolvimento,54.8,14.4
346,desenvolvimento,51.7,20.6
347,desenvolvimento,48.1,28.4
348,desenvolvimento,46.4,31.9
349,desenvolvimento,46.0,34.6
350,desenvolvimento,46.7,37.2
351,desenvolvimento,47.8,38.8
352,desenvolvimento,75.0,0.1
353,desenvolvimento,74.8,0.1
354,desenvolvimento,74.7,0.1
355,desenvolvimento,74.5,0.1
356,desenvolvimento,74.1,0.1
357,desenvolvimento,73.8,0.1
358,desenvolvimento,73.6,0.1
359,desenvolvimento,73.4,0.1
360,desenvolvimento,73.3,0.1
361,desenvolvimento,73.0,0.1
362,desenvolvimento,72.7,0.1
363,desenvolvimento,72.0,0.1
364,desenvolvimento,71.8,0.1
365,desenvolvimento,71.4,0.1
366,desenvolvimento,71.0,0.1
367,desenvolvimento,75.0,0.1
368,desenvolvimento,77.7,0.1
369,desenvolvimento,77.6,0.1
370,desenvolvimento,77.1,0.1
371,desenvolvimento,78.3,0.1
372,desenvolvimento,77.4,0.1
373,desenvolvimento,76.9,0.1
374,desenvolvimento,76.8,0.1
375,desenvolvimento,77.2,0.1
376,desenvolvimento,76.0,0.1
377,desenvolvimento,76.3,0.1
378,desenvolvimento,76.2,0.1
379,desenvolvimento,76.4,0.1
380,desenvolvimento,76.0,0.1
381,desenvolvimento,74.8,0.1
382,desenvolvimento,74.7,0.1
383,desenvolvimento,74.4,0.1
384,desenvolvido,74.5,0.1
385,desenvolvido,74.3,0.1
386,desenvolvido,74.1,0.1
387,desenvolvido,73.9,0.1
388,desenvolvido,73.7,0.1
389,desenvolvido,73.4,0.1
390,desenvolvido,73.2,0.1
391,desenvolvido,72.9,0.1
392,desenvolvido,72.6,0.1
393,desenvolvido,72.2,0.1
394,desenvolvido,72.1,0.1
395,desenvolvido,72.2,0.1
396,desenvolvido,72.0,0.1
397,desenvolvido,71.8,0.1
398,desenvolvido,71.6,0.1
399,desenvolvido,71.1,0.1
400,desenvolvimento,59.9,0.6
401,desenvolvimento,59.3,0.6
402,desenvolvimento,59.0,0.7
403,desenvolvimento,58.6,0.8
404,desenvolvimento,58.1,0.9
405,desenvolvimento,57.5,1.0
406,desenvolvimento,56.9,1.1
407,desenvolvimento,56.1,1.5
408,desenvolvimento,55.3,1.7
409,desenvolvimento,54.3,2.0
410,desenvolvimento,53.3,2.3
411,desenvolvimento,52.4,2.5
412,desenvolvimento,51.6,2.9
413,desenvolvimento,51.0,3.2
414,desenvolvimento,56.0,3.6
415,desenvolvimento,51.0,4.0
416,desenvolvimento,59.6,0.7
417,desenvolvimento,59.1,0.7
418,desenvolvimento,58.6,1.0
419,desenvolvimento,58.0,1.2
420,desenvolvimento,57.4,1.5
421,desenvolvimento,56.8,1.9
422,desenvolvimento,56.2,2.4
423,desenvolvimento,55.3,2.9
424,desenvolvimento,54.8,3.4
425,desenvolvimento,54.1,3.8
426,desenvolvimento,53.4,4.3
427,desenvolvimento,52.6,4.8
428,desenvolvimento,51.9,5.1
429,desenvolvimento,51.5,5.2
430,desenvolvimento,51.3,5.3
431,desenvolvimento,58.0,5.2
432,desenvolvimento,53.3,1.9
433,desenvolvimento,52.8,2.0
434,desenvolvimento,52.3,2.4
435,desenvolvimento,52.0,2.9
436,desenvolvimento,51.7,3.3
437,desenvolvimento,51.5,3.3
438,desenvolvimento,51.0,3.7
439,desenvolvimento,54.0,4.1
440,desenvolvimento,49.9,5.3
441,desenvolvimento,49.4,5.8
442,desenvolvimento,48.7,6.1
443,desenvolvimento,48.2,6.5
444,desenvolvimento,48.0,6.7
445,desenvolvimento,47.7,6.9
446,desenvolvimento,47.8,7.0
447,desenvolvimento,47.9,7.1
448,desenvolvimento,73.3,0.2
449,desenvolvimento,73.0,0.2
450,desenvolvimento,72.8,0.2
451,desenvolvimento,72.7,0.3
452,desenvolvimento,72.6,0.3
453,desenvolvimento,72.5,0.4
454,desenvolvimento,72.4,0.4
455,desenvolvimento,72.4,0.4
456,desenvolvimento,72.3,0.6
457,desenvolvimento,72.1,0.6
458,desenvolvimento,71.8,0.8
459,desenvolvimento,71.4,0.8
460,desenvolvimento,71.1,0.9
461,desenvolvimento,77.0,0.8
462,desenvolvimento,73.0,0.8
463,desenvolvimento,69.9,0.8
464,desenvolvimento,68.7,0.2
465,desenvolvimento,68.3,0.2
466,desenvolvimento,67.8,0.2
467,desenvolvimento,67.4,0.3
468,desenvolvimento,67.0,0.3
469,desenvolvimento,66.6,0.5
470,desenvolvimento,66.1,0.6
471,desenvolvimento,65.6,0.7
472,desenvolvimento,65.0,0.9
473,desenvolvimento,64.1,1.1
474,desenvolvimento,62.9,1.4
475,desenvolvimento,61.5,1.7
476,desenvolvimento,63.0,1.9
477,desenvolvimento,59.3,2.1
478,desenvolvimento,58.5,2.2
479,desenvolvimento,57.7,2.1
480,desenvolvimento,57.3,3.5
481,desenvolvimento,56.7,3.7
482,desenvolvimento,56.4,4.0
483,desenvolvimento,55.9,4.6
484,desenvolvimento,55.6,4.9
485,desenvolvimento,55.3,5.5
486,desenvolvimento,54.8,6.3
487,desenvolvimento,54.2,6.7
488,desenvolvimento,53.6,7.0
489,desenvolvimento,53.3,7.2
490,desenvolvimento,52.8,7.4
491,desenvolvimento,52.1,7.5
492,desenvolvimento,51.8,7.7
493,desenvolvimento,51.6,7.8
494,desenvolvimento,51.5,7.9
495,desenvolvimento,51.4,7.7
496,desenvolvimento,82.2,0.1
497,desenvolvimento,82.0,0.1
498,desenvolvimento,81.8,0.1
499,desenvolvimento,81.6,0.1
500,desenvolvimento,81.5,0.1
501,desenvolvimento,81.2,0.1
502,desenvolvimento,81.0,0.1
503,desenvolvimento,87.0,0.1
504,desenvolvimento,85.0,0.1
505,desenvolvimento,85.0,0.1
506,desenvolvimento,81.0,0.1
507,desenvolvimento,80.0,0.1
508,desenvolvimento,79.7,0.1
509,desenvolvimento,79.5,0.1
510,desenvolvimento,79.4,0.1
511,desenvolvimento,79.1,0.1
512,desenvolvimento,52.5,4.4
513,desenvolvimento,58.0,4.5
514,desenvolvimento,49.9,5.1
515,desenvolvimento,53.0,5.1
516,desenvolvimento,49.8,5.8
517,desenvolvimento,49.2,6.6
518,desenvolvimento,48.6,7.3
519,desenvolvimento,47.6,8.3
520,desenvolvimento,46.8,9.0
521,desenvolvimento,46.3,10.0
522,desenvolvimento,45.9,11.2
523,desenvolvimento,45.7,12.0
524,desenvolvimento,45.7,12.8
525,desenvolvimento,45.6,13.4
526,desenvolvimento,45.6,13.9
527,desenvolvimento,46.0,14.3
528,desenvolvimento,53.1,2.8
529,desenvolvimento,52.6,2.9
530,desenvolvimento,52.2,3.1
531,desenvolvimento,51.8,3.6
532,desenvolvimento,51.6,3.9
533,desenvolvimento,51.2,4.1
534,desenvolvimento,57.0,4.4
535,desenvolvimento,49.6,4.7
536,desenvolvimento,49.4,4.9
537,desenvolvimento,48.5,5.1
538,desenvolvimento,48.6,5.2
539,desenvolvimento,48.5,5.2
540,desenvolvimento,48.4,5.1
541,desenvolvimento,48.1,5.0
542,desenvolvimento,48.0,4.8
543,desenvolvimento,47.6,4.6
544,desenvolvimento,85.0,0.1
545,desenvolvimento,83.0,0.1
546,desenvolvimento,81.0,0.1
547,desenvolvimento,79.9,0.1
548,desenvolvimento,79.8,0.1
549,desenvolvimento,79.1,0.1
550,desenvolvimento,79.3,0.1
551,desenvolvimento,79.6,0.1
552,desenvolvimento,78.9,0.1
553,desenvolvimento,78.9,0.1
554,desenvolvimento,78.4,0.1
555,desenvolvimento,78.0,0.1
556,desenvolvimento,77.9,0.1
557,desenvolvimento,77.8,0.1
558,desenvolvimento,77.3,0.1
559,desenvolvimento,77.3,0.1
560,desenvolvimento,76.1,0.1
561,desenvolvimento,75.8,0.1
562,desenvolvimento,75.6,0.1
563,desenvolvimento,75.4,0.1
564,desenvolvimento,75.2,0.1
565,desenvolvimento,75.0,0.1
566,desenvolvimento,74.9,0.1
567,desenvolvimento,74.5,0.1
568,desenvolvimento,74.4,0.1
569,desenvolvimento,74.2,0.1
570,desenvolvimento,73.9,0.1
571,desenvolvimento,73.5,0.1
572,desenvolvimento,73.1,0.1
573,desenvolvimento,72.7,0.1
574,desenvolvimento,72.2,0.1
575,desenvolvimento,71.7,0.1
576,desenvolvimento,74.8,0.1
577,desenvolvimento,74.6,0.1
578,desenvolvimento,74.4,0.1
579,desenvolvimento,74.3,0.1
580,desenvolvimento,74.2,0.1
581,desenvolvimento,73.6,0.1
582,desenvolvimento,73.6,0.1
583,desenvolvimento,73.5,0.1
584,desenvolvimento,73.5,0.1
585,desenvolvimento,73.1,0.1
586,desenvolvimento,73.1,0.1
587,desenvolvimento,72.8,0.1
588,desenvolvimento,72.4,0.1
589,desenvolvimento,71.8,0.1
590,desenvolvimento,71.5,0.1
591,desenvolvimento,71.4,0.1
592,desenvolvimento,63.5,0.8
593,desenvolvimento,63.2,0.8
594,desenvolvimento,62.9,0.8
595,desenvolvimento,62.5,0.8
596,desenvolvimento,62.2,0.2
597,desenvolvimento,61.8,0.1
598,desenvolvimento,61.3,0.1
599,desenvolvimento,61.0,0.1
600,desenvolvimento,66.0,0.1
601,desenvolvimento,63.0,0.1
602,desenvolvimento,60.0,0.1
603,desenvolvimento,59.8,0.1
604,desenvolvimento,59.6,0.1
605,desenvolvimento,59.5,0.1
606,desenvolvimento,59.5,0.1
607,desenvolvimento,59.5,0.1
608,desenvolvimento,64.7,2.8
609,desenvolvimento,64.2,3.0
610,desenvolvimento,63.9,3.0
611,desenvolvimento,63.7,3.3
612,desenvolvimento,62.9,3.5
613,desenvolvimento,62.0,3.8
614,desenvolvimento,68.0,4.0
615,desenvolvimento,59.4,4.3
616,desenvolvimento,58.2,5.0
617,desenvolvimento,56.9,5.5
618,desenvolvimento,55.3,5.9
619,desenvolvimento,54.1,6.3
620,desenvolvimento,53.2,6.8
621,desenvolvimento,52.6,7.2
622,desenvolvimento,52.7,7.6
623,desenvolvimento,52.9,7.8
625,desenvolvimento,79.6,0.1
626,desenvolvimento,79.5,0.1
627,desenvolvimento,79.4,0.1
628,desenvolvimento,79.2,0.1
629,desenvolvimento,79.0,0.1
630,desenvolvimento,78.1,0.1
631,desenvolvimento,79.2,0.1
632,desenvolvimento,78.9,0.1
633,desenvolvimento,78.9,0.1
634,desenvolvimento,78.0,0.1
635,desenvolvimento,78.6,0.1
636,desenvolvimento,77.7,0.1
637,desenvolvimento,78.0,0.1
638,desenvolvimento,78.3,0.1
639,desenvolvimento,77.5,0.1
640,desenvolvimento,77.6,0.1
641,desenvolvido,78.0,0.1
642,desenvolvido,77.8,0.1
643,desenvolvido,77.7,0.1
644,desenvolvido,77.1,0.1
645,desenvolvido,77.0,0.1
646,desenvolvido,76.6,0.1
647,desenvolvido,76.3,0.1
648,desenvolvido,76.0,0.1
649,desenvolvido,75.8,0.1
650,desenvolvido,75.9,0.1
651,desenvolvido,75.2,0.1
652,desenvolvido,75.4,0.1
653,desenvolvido,74.7,0.1
654,desenvolvido,74.8,0.1
655,desenvolvido,74.9,0.1
656,desenvolvido,74.7,0.1
657,desenvolvimento,79.1,0.1
658,desenvolvimento,79.0,0.1
659,desenvolvimento,78.7,0.1
660,desenvolvimento,78.7,0.1
661,desenvolvimento,78.8,0.1
662,desenvolvimento,78.0,0.1
663,desenvolvimento,78.1,0.1
664,desenvolvimento,77.9,0.1
665,desenvolvimento,78.1,0.1
666,desenvolvimento,78.0,0.1
667,desenvolvimento,77.2,0.1
668,desenvolvimento,77.3,0.1
669,desenvolvimento,77.4,0.1
670,desenvolvimento,77.7,0.1
671,desenvolvimento,76.7,0.1
672,desenvolvimento,76.9,0.1
673,desenvolvido,85.0,0.1
674,desenvolvido,83.0,0.1
675,desenvolvido,81.0,0.1
676,desenvolvido,80.0,0.1
677,desenvolvido,79.7,0.1
678,desenvolvido,79.5,0.1
679,desenvolvido,79.3,0.1
680,desenvolvido,79.1,0.1
681,desenvolvido,78.9,0.1
682,desenvolvido,78.8,0.1
683,desenvolvido,78.7,0.1
684,desenvolvido,78.6,0.1
685,desenvolvido,78.5,0.1
686,desenvolvido,78.4,0.1
687,desenvolvido,78.2,0.1
688,desenvolvido,78.1,0.1
689,desenvolvido,78.8,0.1
690,desenvolvido,78.6,0.1
691,desenvolvido,78.2,0.1
692,desenvolvido,78.0,0.1
693,desenvolvido,77.8,0.1
694,desenvolvido,77.5,0.1
695,desenvolvido,77.1,0.1
696,desenvolvido,77.0,0.1
697,desenvolvido,76.8,0.1
698,desenvolvido,76.5,0.1
699,desenvolvido,75.9,0.1
700,desenvolvido,75.8,0.1
701,desenvolvido,75.2,0.1
702,desenvolvido,75.3,0.1
703,desenvolvido,75.1,0.1
704,desenvolvido,74.7,0.1
705,desenvolvimento,76.0,0.1
706,desenvolvimento,73.0,0.1
707,desenvolvimento,71.0,0.1
708,desenvolvimento,69.8,0.1
709,desenvolvimento,69.4,0.1
710,desenvolvimento,69.0,0.1
711,desenvolvimento,68.7,0.1
712,desenvolvimento,68.6,0.1
713,desenvolvimento,68.5,0.1
714,desenvolvimento,68.5,0.1
715,desenvolvimento,68.5,0.1
716,desenvolvimento,68.4,0.1
717,desenvolvimento,68.1,0.1
718,desenvolvimento,67.6,0.1
719,desenvolvimento,66.6,0.1
720,desenvolvimento,65.4,0.1
721,desenvolvimento,59.8,1.1
722,desenvolvimento,59.3,1.1
723,desenvolvimento,58.8,1.2
724,desenvolvimento,58.3,1.5
725,desenvolvimento,57.9,1.6
726,desenvolvimento,57.4,1.6
727,desenvolvimento,56.7,1.7
728,desenvolvimento,56.3,1.8
729,desenvolvimento,55.7,1.9
730,desenvolvimento,55.0,2.0
731,desenvolvimento,54.3,2.0
732,desenvolvimento,53.5,2.1
733,desenvolvimento,52.8,2.2
734,desenvolvimento,52.1,2.4
735,desenvolvimento,51.8,2.4
736,desenvolvimento,51.3,2.5
737,desenvolvido,86.0,0.1
738,desenvolvido,84.0,0.1
739,desenvolvido,81.0,0.1
740,desenvolvido,80.0,0.1
741,desenvolvido,79.7,0.1
742,desenvolvido,79.2,0.1
743,desenvolvido,78.9,0.1
744,desenvolvido,78.8,0.1
745,desenvolvido,78.4,0.1
746,desenvolvido,78.1,0.1
747,desenvolvido,78.1,0.1
748,desenvolvido,77.7,0.1
749,desenvolvido,77.3,0.1
750,desenvolvido,77.0,0.1
751,desenvolvido,77.0,0.1
752,desenvolvido,76.9,0.1
753,desenvolvimento,63.5,2.1
754,desenvolvimento,63.0,2.1
755,desenvolvimento,62.7,2.1
756,desenvolvimento,62.2,1.9
757,desenvolvimento,61.8,2.7
758,desenvolvimento,61.3,3.1
759,desenvolvimento,69.0,3.2
760,desenvolvimento,62.0,3.3
761,desenvolvimento,59.8,3.5
762,desenvolvimento,59.1,3.7
763,desenvolvimento,58.6,3.9
764,desenvolvimento,58.1,4.0
765,desenvolvimento,58.0,4.2
766,desenvolvimento,57.9,4.3
767,desenvolvimento,57.7,4.3
768,desenvolvimento,57.4,4.1
770,desenvolvimento,73.9,0.3
771,desenvolvimento,73.6,0.3
772,desenvolvimento,73.4,0.3
773,desenvolvimento,72.1,0.4
774,desenvolvimento,73.1,0.7
775,desenvolvimento,72.7,0.9
776,desenvolvimento,73.6,1.2
777,desenvolvimento,73.3,1.4
778,desenvolvimento,72.9,1.6
779,desenvolvimento,72.3,1.8
780,desenvolvimento,69.7,2.0
781,desenvolvimento,69.3,2.1
782,desenvolvimento,73.0,2.3
783,desenvolvimento,71.4,2.4
784,desenvolvimento,71.2,2.5
785,desenvolvimento,72.0,2.5
786,desenvolvimento,76.2,0.1
787,desenvolvimento,76.0,0.1
788,desenvolvimento,76.0,0.1
789,desenvolvimento,75.5,0.1
790,desenvolvimento,75.3,0.1
791,desenvolvimento,75.0,0.1
792,desenvolvimento,75.1,0.1
793,desenvolvimento,74.6,0.1
794,desenvolvimento,74.7,0.2
795,desenvolvimento,74.4,0.3
796,desenvolvimento,74.2,0.3
797,desenvolvimento,74.4,0.3
798,desenvolvimento,74.4,0.3
799,desenvolvimento,73.6,0.3
800,desenvolvimento,73.4,0.3
801,desenvolvimento,72.8,0.3
802,desenvolvimento,79.0,0.1
803,desenvolvimento,78.0,0.1
804,desenvolvimento,79.0,0.1
805,desenvolvimento,72.0,0.1
806,desenvolvimento,74.0,0.1
807,desenvolvimento,70.0,0.1
808,desenvolvimento,69.9,0.1
809,desenvolvimento,69.8,0.1
810,desenvolvimento,69.7,0.1
811,desenvolvimento,69.5,0.1
812,desenvolvimento,69.4,0.1
813,desenvolvimento,69.0,0.1
814,desenvolvimento,68.6,0.1
815,desenvolvimento,68.7,0.1
816,desenvolvimento,68.6,0.1
817,desenvolvimento,68.8,0.1
818,desenvolvimento,73.5,0.2
819,desenvolvimento,73.3,0.2
820,desenvolvimento,73.0,0.2
821,desenvolvimento,73.0,0.3
822,desenvolvimento,72.0,0.3
823,desenvolvimento,72.0,0.3
824,desenvolvimento,71.4,0.3
825,desenvolvimento,71.7,0.3
826,desenvolvimento,71.2,0.3
827,desenvolvimento,75.0,0.2
828,desenvolvimento,71.0,0.2
829,desenvolvimento,70.0,0.3
830,desenvolvimento,69.9,0.3
831,desenvolvimento,73.0,0.4
832,desenvolvimento,68.9,0.4
833,desenvolvimento,69.0,0.4
834,desenvolvimento,58.2,4.2
835,desenvolvimento,57.9,4.4
836,desenvolvimento,57.4,5.7
837,desenvolvimento,56.7,8.2
838,desenvolvimento,56.2,7.7
839,desenvolvimento,56.1,7.2
840,desenvolvimento,55.7,7.3
841,desenvolvimento,55.4,6.3
842,desenvolvimento,55.0,5.9
843,desenvolvimento,54.8,5.3
844,desenvolvimento,54.4,4.9
845,desenvolvimento,54.1,4.4
846,desenvolvimento,53.8,3.6
847,desenvolvimento,53.5,2.9
848,desenvolvimento,53.1,2.3
849,desenvolvimento,52.7,1.9
850,desenvolvimento,64.7,0.4
851,desenvolvimento,64.4,0.4
852,desenvolvimento,64.0,0.5
853,desenvolvimento,63.6,0.6
854,desenvolvimento,62.9,0.7
855,desenvolvimento,62.1,0.9
856,desenvolvimento,61.4,1.0
857,desenvolvimento,67.0,1.1
858,desenvolvimento,62.0,1.3
859,desenvolvimento,59.7,1.4
860,desenvolvimento,59.4,1.6
861,desenvolvimento,59.1,1.8
862,desenvolvimento,58.8,1.9
863,desenvolvimento,58.5,1.9
864,desenvolvimento,58.1,2.0
865,desenvolvimento,45.3,1.9
866,desenvolvimento,77.6,0.1
867,desenvolvimento,77.3,0.1
868,desenvolvimento,76.9,0.1
869,desenvolvimento,76.3,0.1
870,desenvolvimento,76.1,0.1
871,desenvolvimento,75.6,0.1
872,desenvolvimento,74.9,0.1
873,desenvolvimento,74.2,0.1
874,desenvolvimento,73.0,0.1
875,desenvolvimento,73.0,0.1
876,desenvolvimento,72.8,0.1
877,desenvolvimento,72.3,0.1
878,desenvolvimento,71.9,0.1
879,desenvolvimento,71.2,0.1
880,desenvolvimento,78.0,0.1
881,desenvolvimento,78.0,0.1
882,desenvolvimento,64.8,0.6
883,desenvolvimento,64.2,0.6
884,desenvolvimento,63.7,0.9
885,desenvolvimento,63.3,1.2
886,desenvolvimento,62.6,1.4
887,desenvolvimento,61.8,1.7
888,desenvolvimento,68.0,2.0
889,desenvolvimento,59.8,2.4
890,desenvolvimento,58.5,2.8
891,desenvolvimento,57.2,3.3
892,desenvolvimento,56.0,3.7
893,desenvolvimento,55.0,4.1
894,desenvolvimento,54.0,4.4
895,desenvolvimento,53.2,4.6
896,desenvolvimento,52.5,4.9
897,desenvolvimento,51.2,5.0
898,desenvolvimento,69.9,0.1
899,desenvolvimento,69.7,0.1
900,desenvolvimento,69.6,0.1
901,desenvolvimento,69.4,0.1
902,desenvolvimento,69.2,0.1
903,desenvolvimento,69.1,0.1
904,desenvolvimento,68.9,0.1
905,desenvolvimento,68.7,0.1
906,desenvolvimento,68.6,0.1
907,desenvolvimento,68.5,0.1
908,desenvolvimento,68.3,0.1
909,desenvolvimento,68.1,0.1
910,desenvolvimento,68.0,0.1
911,desenvolvimento,67.9,0.1
912,desenvolvimento,67.8,0.1
913,desenvolvimento,67.7,0.1
914,desenvolvimento,81.1,0.1
915,desenvolvimento,89.0,0.1
916,desenvolvimento,87.0,0.1
917,desenvolvimento,84.0,0.1
918,desenvolvimento,83.0,0.1
919,desenvolvimento,79.9,0.1
920,desenvolvimento,79.7,0.1
921,desenvolvimento,79.6,0.1
922,desenvolvimento,79.3,0.1
923,desenvolvimento,79.2,0.1
924,desenvolvimento,78.9,0.1
925,desenvolvimento,78.7,0.1
926,desenvolvimento,78.4,0.1
927,desenvolvimento,78.1,0.1
928,desenvolvimento,78.0,0.1
929,desenvolvimento,77.5,0.1
930,desenvolvimento,82.4,0.1
931,desenvolvimento,82.2,0.1
932,desenvolvimento,82.0,0.1
933,desenvolvimento,81.5,0.1
934,desenvolvimento,81.7,0.1
935,desenvolvimento,81.3,0.1
936,desenvolvimento,81.1,0.1
937,desenvolvimento,89.0,0.1
938,desenvolvimento,89.0,0.1
939,desenvolvimento,86.0,0.1
940,desenvolvimento,81.0,0.1
941,desenvolvimento,82.0,0.1
942,desenvolvimento,79.3,0.1
943,desenvolvimento,79.2,0.1
944,desenvolvimento,79.0,0.1
945,desenvolvimento,78.8,0.1
946,desenvolvimento,66.0,2.7
947,desenvolvimento,65.5,2.8
948,desenvolvimento,64.6,3.7
949,desenvolvimento,63.5,4.9
950,desenvolvimento,62.8,6.0
951,desenvolvimento,62.3,7.0
952,desenvolvimento,61.7,8.0
953,desenvolvimento,61.6,8.9
954,desenvolvimento,61.6,10.0
955,desenvolvimento,61.4,10.7
956,desenvolvimento,65.0,10.9
957,desenvolvimento,59.7,11.1
958,desenvolvimento,59.7,11.0
959,desenvolvimento,59.7,10.7
960,desenvolvimento,59.8,10.1
961,desenvolvimento,61.0,9.5
962,desenvolvimento,61.1,1.7
963,desenvolvimento,68.0,1.7
964,desenvolvimento,66.0,1.6
965,desenvolvimento,62.0,1.4
966,desenvolvimento,59.8,1.8
967,desenvolvimento,59.3,2.1
968,desenvolvimento,59.0,2.7
969,desenvolvimento,58.7,3.0
970,desenvolvimento,58.5,3.1
971,desenvolvimento,58.2,3.0
972,desenvolvimento,57.7,3.0
973,desenvolvimento,57.3,2.9
974,desenvolvimento,57.0,2.7
975,desenvolvimento,56.6,2.5
976,desenvolvimento,56.3,2.3
977,desenvolvimento,55.9,2.0
978,desenvolvimento,74.4,0.1
979,desenvolvimento,74.5,0.1
980,desenvolvimento,74.5,0.1
981,desenvolvimento,74.2,0.1
982,desenvolvimento,73.9,0.1
983,desenvolvimento,73.8,0.1
984,desenvolvimento,73.2,0.1
985,desenvolvimento,73.9,0.1
986,desenvolvimento,74.4,0.1
987,desenvolvimento,73.9,0.1
988,desenvolvimento,73.9,0.1
989,desenvolvimento,72.3,0.1
990,desenvolvimento,72.7,0.1
991,desenvolvimento,71.7,0.1
992,desenvolvimento,73.0,0.1
993,desenvolvimento,71.8,0.1
994,desenvolvido,81.0,0.1
995,desenvolvido,89.0,0.1
996,desenvolvido,86.0,0.1
997,desenvolvido,86.0,0.1
998,desenvolvido,85.0,0.1
999,desenvolvido,81.0,0.1
1000,desenvolvido,80.0,0.1
1001,desenvolvido,79.9,0.1
1002,desenvolvido,79.8,0.1
1003,desenvolvido,79.6,0.1
1004,desenvolvido,79.2,0.1
1005,desenvolvido,79.1,0.1
1006,desenvolvido,78.5,0.1
1007,desenvolvido,78.4,0.1
1008,desenvolvido,78.3,0.1
1009,desenvolvido,78.0,0.1
1010,desenvolvimento,62.4,0.7
1011,desenvolvimento,62.1,0.8
1012,desenvolvimento,61.9,0.9
1013,desenvolvimento,61.6,0.9
1014,desenvolvimento,61.2,1.3
1015,desenvolvimento,69.0,1.9
1016,desenvolvimento,66.0,2.1
1017,desenvolvimento,63.0,2.2
1018,desenvolvimento,59.9,2.6
1019,desenvolvimento,59.4,2.9
1020,desenvolvimento,58.9,3.1
1021,desenvolvimento,58.3,3.2
1022,desenvolvimento,57.9,3.4
1023,desenvolvimento,57.6,3.5
1024,desenvolvimento,57.4,3.5
1025,desenvolvimento,57.2,3.6
1026,desenvolvimento,81.0,0.1
1027,desenvolvimento,88.0,0.1
1028,desenvolvimento,86.0,0.1
1029,desenvolvimento,84.0,0.1
1030,desenvolvimento,85.0,0.1
1031,desenvolvimento,83.0,0.1
1032,desenvolvimento,80.0,0.1
1033,desenvolvimento,79.9,0.1
1034,desenvolvimento,79.4,0.1
1035,desenvolvimento,79.7,0.1
1036,desenvolvimento,79.3,0.1
1037,desenvolvimento,79.2,0.1
1038,desenvolvimento,79.1,0.1
1039,desenvolvimento,79.0,0.1
1040,desenvolvimento,78.7,0.1
1041,desenvolvimento,78.2,0.1
1042,desenvolvimento,73.6,0.1
1043,desenvolvimento,73.5,0.1
1044,desenvolvimento,73.3,0.1
1045,desenvolvimento,73.1,0.1
1046,desenvolvimento,72.9,0.1
1047,desenvolvimento,72.6,0.1
1048,desenvolvimento,72.4,0.1
1049,desenvolvimento,72.1,0.1
1050,desenvolvimento,71.9,0.1
1051,desenvolvimento,71.7,0.1
1052,desenvolvimento,71.5,0.1
1053,desenvolvimento,73.0,0.1
1054,desenvolvimento,71.1,0.1
1055,desenvolvimento,79.0,0.1
1056,desenvolvimento,77.0,0.1
1057,desenvolvimento,74.0,0.1
1058,desenvolvimento,71.9,0.4
1059,desenvolvimento,71.7,0.4
1060,desenvolvimento,71.4,0.4
1061,desenvolvimento,71.3,0.4
1062,desenvolvimento,71.1,0.4
1063,desenvolvimento,77.0,0.4
1064,desenvolvimento,76.0,0.4
1065,desenvolvimento,79.0,0.4
1066,desenvolvimento,75.0,0.4
1067,desenvolvimento,69.7,0.4
1068,desenvolvimento,69.2,0.4
1069,desenvolvimento,69.6,0.4
1070,desenvolvimento,69.4,0.4
1071,desenvolvimento,69.3,0.3
1072,desenvolvimento,68.4,0.3
1073,desenvolvimento,67.7,0.2
1074,desenvolvimento,59.0,0.5
1075,desenvolvimento,58.1,0.5
1076,desenvolvimento,58.8,1.0
1077,desenvolvimento,58.4,1.9
1078,desenvolvimento,58.1,2.0
1079,desenvolvimento,57.8,2.2
1080,desenvolvimento,57.3,2.3
1081,desenvolvimento,56.8,2.3
1082,desenvolvimento,56.4,2.4
1083,desenvolvimento,55.6,2.6
1084,desenvolvimento,54.7,2.7
1085,desenvolvimento,54.0,2.8
1086,desenvolvimento,53.3,2.9
1087,desenvolvimento,52.9,3.0
1088,desenvolvimento,52.5,3.0
1089,desenvolvimento,52.5,3.0
1090,desenvolvimento,58.9,3.2
1091,desenvolvimento,58.4,3.4
1092,desenvolvimento,58.1,4.5
1093,desenvolvimento,57.6,5.3
1094,desenvolvimento,57.1,5.7
1095,desenvolvimento,56.7,5.9
1096,desenvolvimento,56.3,6.0
1097,desenvolvimento,55.6,6.0
1098,desenvolvimento,55.0,5.7
1099,desenvolvimento,54.4,5.6
1100,desenvolvimento,53.9,5.4
1101,desenvolvimento,53.5,5.0
1102,desenvolvimento,53.0,4.6
1103,desenvolvimento,52.8,4.1
1104,desenvolvimento,52.5,3.6
1105,desenvolvimento,52.1,3.1
1106,desenvolvimento,66.2,0.3
1107,desenvolvimento,66.0,0.3
1108,desenvolvimento,65.9,0.3
1109,desenvolvimento,65.8,0.3
1110,desenvolvimento,65.6,0.4
1111,desenvolvimento,65.9,0.4
1112,desenvolvimento,66.1,0.3
1113,desenvolvimento,66.3,0.8
1114,desenvolvimento,65.7,1.9
1115,desenvolvimento,65.2,1.1
1116,desenvolvimento,65.0,1.8
1117,desenvolvimento,65.1,1.9
1118,desenvolvimento,65.3,2.1
1119,desenvolvimento,65.3,2.3
1120,desenvolvimento,65.4,1.7
1121,desenvolvimento,65.4,1.1
1122,desenvolvimento,63.5,0.5
1123,desenvolvimento,63.1,0.5
1124,desenvolvimento,62.7,0.5
1125,desenvolvimento,62.3,0.8
1126,desenvolvimento,62.3,1.5
1127,desenvolvimento,36.3,1.9
1128,desenvolvimento,62.5,2.0
1129,desenvolvimento,62.1,2.4
1130,desenvolvimento,61.8,2.7
1131,desenvolvimento,61.1,3.3
1132,desenvolvimento,65.0,3.9
1133,desenvolvimento,58.7,4.3
1134,desenvolvimento,59.7,4.6
1135,desenvolvimento,59.3,4.8
1136,desenvolvimento,58.9,5.0
1137,desenvolvimento,58.6,5.1
1138,desenvolvimento,74.6,0.3
1139,desenvolvimento,74.5,0.3
1140,desenvolvimento,74.3,0.4
1141,desenvolvimento,74.1,0.4
1142,desenvolvimento,73.9,0.4
1143,desenvolvimento,73.6,0.4
1144,desenvolvimento,73.4,0.5
1145,desenvolvimento,73.2,0.6
1146,desenvolvimento,73.0,0.7
1147,desenvolvimento,72.8,0.8
1148,desenvolvimento,72.5,0.9
1149,desenvolvimento,72.2,1.2
1150,desenvolvimento,71.9,1.4
1151,desenvolvimento,71.6,1.5
1152,desenvolvimento,71.3,1.6
1153,desenvolvimento,71.0,1.7
1154,desenvolvido,75.8,0.1
1155,desenvolvido,75.6,0.1
1156,desenvolvido,75.5,0.1
1157,desenvolvido,75.0,0.1
1158,desenvolvido,74.8,0.1
1159,desenvolvido,74.5,0.1
1160,desenvolvido,74.2,0.1
1161,desenvolvido,74.1,0.1
1162,desenvolvido,73.5,0.1
1163,desenvolvido,73.4,0.1
1164,desenvolvido,72.9,0.1
1165,desenvolvido,72.9,0.1
1166,desenvolvido,72.5,0.1
1167,desenvolvido,72.5,0.1
1168,desenvolvido,72.3,0.1
1169,desenvolvido,71.7,0.1
1170,desenvolvido,82.7,0.1
1171,desenvolvido,82.5,0.1
1172,desenvolvido,82.4,0.1
1173,desenvolvido,82.5,0.1
1174,desenvolvido,82.1,0.1
1175,desenvolvido,81.8,0.1
1176,desenvolvido,81.6,0.1
1177,desenvolvido,81.4,0.1
1178,desenvolvido,81.3,0.1
1179,desenvolvido,81.1,0.1
1180,desenvolvido,81.0,0.1
1181,desenvolvido,88.0,0.1
1182,desenvolvido,87.0,0.1
1183,desenvolvido,84.0,0.1
1184,desenvolvido,80.0,0.1
1185,desenvolvido,79.7,0.1
1186,desenvolvimento,68.3,0.2
1187,desenvolvimento,68.0,0.2
1188,desenvolvimento,67.6,0.2
1189,desenvolvimento,67.3,0.2
1190,desenvolvimento,66.8,0.2
1191,desenvolvimento,66.4,0.2
1192,desenvolvimento,66.0,0.2
1193,desenvolvimento,65.5,0.3
1194,desenvolvimento,65.2,0.3
1195,desenvolvimento,64.8,0.3
1196,desenvolvimento,64.4,0.3
1197,desenvolvimento,64.0,0.3
1198,desenvolvimento,63.7,0.3
1199,desenvolvimento,63.3,0.3
1200,desenvolvimento,62.9,0.3
1201,desenvolvimento,62.5,0.3
1202,desenvolvimento,69.1,0.3
1203,desenvolvimento,68.9,0.3
1204,desenvolvimento,68.7,0.3
1205,desenvolvimento,68.5,0.3
1206,desenvolvimento,68.3,0.3
1207,desenvolvimento,68.1,0.3
1208,desenvolvimento,67.9,0.3
1209,desenvolvimento,67.7,0.2
1210,desenvolvimento,67.5,0.2
1211,desenvolvimento,67.3,0.1
1212,desenvolvimento,67.2,0.1
1213,desenvolvimento,65.3,0.1
1214,desenvolvimento,66.9,0.1
1215,desenvolvimento,66.7,0.1
1216,desenvolvimento,66.5,0.1
1217,desenvolvimento,66.3,0.1
1218,desenvolvimento,75.5,0.1
1219,desenvolvimento,75.4,0.1
1220,desenvolvimento,75.3,0.1
1221,desenvolvimento,75.1,0.1
1222,desenvolvimento,74.7,0.1
1223,desenvolvimento,74.1,0.1
1224,desenvolvimento,73.3,0.1
1225,desenvolvimento,72.7,0.1
1226,desenvolvimento,72.4,0.1
1227,desenvolvimento,72.2,0.1
1228,desenvolvimento,72.0,0.1
1229,desenvolvimento,71.8,0.1
1230,desenvolvimento,75.0,0.1
1231,desenvolvimento,71.2,0.1
1232,desenvolvimento,78.0,0.1
1233,desenvolvimento,73.0,0.1
1234,desenvolvimento,68.9,0.1
1235,desenvolvimento,67.9,0.1
1236,desenvolvimento,69.5,0.1
1237,desenvolvimento,76.0,0.1
1238,desenvolvimento,77.0,0.1
1239,desenvolvimento,76.0,0.1
1240,desenvolvimento,74.0,0.1
1241,desenvolvimento,69.3,0.1
1242,desenvolvimento,65.9,0.1
1243,desenvolvimento,64.7,0.1
1244,desenvolvimento,66.8,0.1
1245,desenvolvimento,67.2,0.1
1246,desenvolvimento,66.5,0.1
1247,desenvolvimento,74.0,0.1
1248,desenvolvimento,72.0,0.1
1249,desenvolvimento,70.0,0.1
1250,desenvolvido,81.4,0.1
1251,desenvolvido,81.2,0.1
1252,desenvolvido,81.0,0.1
1253,desenvolvido,85.0,0.1
1254,desenvolvido,84.0,0.1
1255,desenvolvido,86.0,0.1
1256,desenvolvido,79.7,0.1
1257,desenvolvido,79.8,0.1
1258,desenvolvido,79.5,0.1
1259,desenvolvido,79.0,0.1
1260,desenvolvido,78.7,0.1
1261,desenvolvido,78.3,0.1
1262,desenvolvido,78.0,0.1
1263,desenvolvido,77.4,0.1
1264,desenvolvido,77.0,0.1
1265,desenvolvido,76.4,0.1
1266,desenvolvimento,82.5,0.1
1267,desenvolvimento,82.2,0.1
1268,desenvolvimento,82.1,0.1
1269,desenvolvimento,81.8,0.1
1270,desenvolvimento,81.8,0.1
1271,desenvolvimento,81.7,0.1
1272,desenvolvimento,81.5,0.1
1273,desenvolvimento,81.0,0.1
1274,desenvolvimento,84.0,0.1
1275,desenvolvimento,84.0,0.1
1276,desenvolvimento,80.0,0.1
1277,desenvolvimento,81.0,0.1
1278,desenvolvimento,79.7,0.1
1279,desenvolvimento,79.3,0.1
1280,desenvolvimento,79.3,0.1
1281,desenvolvimento,78.9,0.1
1282,desenvolvido,82.7,0.1
1283,desenvolvido,82.5,0.1
1284,desenvolvido,82.3,0.1
1285,desenvolvido,82.0,0.1
1286,desenvolvido,82.0,0.1
1287,desenvolvido,81.8,0.1
1288,desenvolvido,81.6,0.1
1289,desenvolvido,81.5,0.1
1290,desenvolvido,81.3,0.1
1291,desenvolvido,81.2,0.1
1292,desenvolvido,88.0,0.1
1293,desenvolvido,89.0,0.1
1294,desenvolvido,79.9,0.1
1295,desenvolvido,80.0,0.1
1296,desenvolvido,79.8,0.1
1297,desenvolvido,79.4,0.1
1298,desenvolvimento,76.2,0.5
1299,desenvolvimento,75.8,0.5
1300,desenvolvimento,75.6,0.6
1301,desenvolvimento,75.3,0.5
1302,desenvolvimento,75.2,0.6
1303,desenvolvimento,75.0,0.5
1304,desenvolvimento,74.7,0.6
1305,desenvolvimento,74.5,0.4
1306,desenvolvimento,74.2,0.9
1307,desenvolvimento,74.0,1.5
1308,desenvolvimento,73.5,1.9
1309,desenvolvimento,73.3,2.3
1310,desenvolvimento,73.1,2.3
1311,desenvolvimento,73.0,2.3
1312,desenvolvimento,72.7,2.2
1313,desenvolvimento,72.6,2.2
1314,desenvolvido,83.7,0.1
1315,desenvolvido,83.5,0.1
1316,desenvolvido,83.5,0.1
1317,desenvolvido,83.3,0.1
1318,desenvolvido,82.5,0.1
1319,desenvolvido,83.0,0.1
1320,desenvolvido,83.0,0.1
1321,desenvolvido,82.7,0.1
1322,desenvolvido,82.6,0.1
1323,desenvolvido,82.4,0.1
1324,desenvolvido,82.0,0.1
1325,desenvolvido,82.1,0.1
1326,desenvolvido,81.9,0.1
1327,desenvolvido,81.8,0.1
1328,desenvolvido,81.5,0.1
1329,desenvolvido,81.1,0.1
1330,desenvolvimento,74.1,0.1
1331,desenvolvimento,74.0,0.1
1332,desenvolvimento,73.9,0.1
1333,desenvolvimento,73.7,0.1
1334,desenvolvimento,73.6,0.1
1335,desenvolvimento,73.4,0.1
1336,desenvolvimento,73.3,0.1
1337,desenvolvimento,73.1,0.1
1338,desenvolvimento,73.0,0.1
1339,desenvolvimento,72.8,0.1
1340,desenvolvimento,72.4,0.1
1341,desenvolvimento,72.5,0.1
1342,desenvolvimento,72.3,0.1
1343,desenvolvimento,72.1,0.1
1344,desenvolvimento,71.9,0.1
1345,desenvolvimento,71.7,0.1
1346,desenvolvimento,72.0,0.1
1347,desenvolvimento,69.9,0.1
1348,desenvolvimento,69.5,0.1
1349,desenvolvimento,69.1,0.1
1350,desenvolvimento,68.5,0.1
1351,desenvolvimento,67.8,0.1
1352,desenvolvimento,67.8,0.1
1353,desenvolvimento,66.6,0.1
1354,desenvolvimento,65.3,0.1
1355,desenvolvimento,65.0,0.1
1356,desenvolvimento,64.6,0.1
1357,desenvolvimento,64.7,0.1
1358,desenvolvimento,64.4,0.1
1359,desenvolvimento,64.7,0.1
1360,desenvolvimento,64.4,0.1
1361,desenvolvimento,63.9,0.1
1362,desenvolvimento,63.4,2.8
1363,desenvolvimento,62.9,2.9
1364,desenvolvimento,62.6,3.0
1365,desenvolvimento,62.1,3.0
1366,desenvolvimento,61.2,3.4
1367,desenvolvimento,63.0,4.3
1368,desenvolvimento,59.1,5.0
1369,desenvolvimento,57.9,6.4
1370,desenvolvimento,56.8,9.1
1371,desenvolvimento,55.3,10.3
1372,desenvolvimento,54.1,11.6
1373,desenvolvimento,53.0,13.2
1374,desenvolvimento,52.4,14.5
1375,desenvolvimento,52.1,15.7
1376,desenvolvimento,51.9,16.9
1377,desenvolvimento,51.9,18.1
1378,desenvolvimento,66.3,0.1
1379,desenvolvimento,66.1,0.1
1380,desenvolvimento,65.8,0.1
1381,desenvolvimento,65.7,0.1
1382,desenvolvimento,65.5,0.1
1383,desenvolvimento,65.3,0.1
1384,desenvolvimento,65.2,0.1
1385,desenvolvimento,65.1,0.1
1386,desenvolvimento,65.0,0.1
1387,desenvolvimento,65.0,0.1
1388,desenvolvimento,64.9,0.1
1389,desenvolvimento,64.8,0.1
1390,desenvolvimento,64.7,0.1
1391,desenvolvimento,64.6,0.1
1392,desenvolvimento,64.3,0.1
1393,desenvolvimento,64.1,0.1
1394,desenvolvimento,74.7,0.1
1395,desenvolvimento,74.6,0.1
1396,desenvolvimento,74.5,0.1
1397,desenvolvimento,74.3,0.1
1398,desenvolvimento,74.2,0.1
1399,desenvolvimento,74.0,0.1
1400,desenvolvimento,73.9,0.1
1401,desenvolvimento,73.8,0.1
1402,desenvolvimento,73.7,0.1
1403,desenvolvimento,73.6,0.1
1404,desenvolvimento,73.6,0.1
1405,desenvolvimento,73.5,0.1
1406,desenvolvimento,73.4,0.1
1407,desenvolvimento,73.3,0.1
1408,desenvolvimento,73.2,0.1
1409,desenvolvimento,73.2,0.1
1410,desenvolvimento,71.1,0.1
1411,desenvolvimento,78.0,0.1
1412,desenvolvimento,77.0,0.1
1413,desenvolvimento,69.9,0.1
1414,desenvolvimento,69.4,0.2
1415,desenvolvimento,68.8,0.1
1416,desenvolvimento,68.5,0.1
1417,desenvolvimento,67.6,0.2
1418,desenvolvimento,67.2,0.1
1419,desenvolvimento,66.7,0.1
1420,desenvolvimento,66.9,0.1
1421,desenvolvimento,67.1,0.1
1422,desenvolvimento,66.6,0.1
1423,desenvolvimento,66.7,0.1
1424,desenvolvimento,67.2,0.1
1425,desenvolvimento,66.6,0.1
1426,desenvolvimento,65.7,0.2
1427,desenvolvimento,65.3,0.2
1428,desenvolvimento,64.9,0.3
1429,desenvolvimento,64.4,0.3
1430,desenvolvimento,64.0,0.3
1431,desenvolvimento,63.6,0.3
1432,desenvolvimento,63.1,0.2
1433,desenvolvimento,62.6,0.2
1434,desenvolvimento,62.1,0.2
1435,desenvolvimento,61.5,0.2
1436,desenvolvimento,61.0,0.2
1437,desenvolvimento,64.0,0.2
1438,desenvolvimento,59.8,0.1
1439,desenvolvimento,59.3,0.1
1440,desenvolvimento,58.7,0.1
1441,desenvolvimento,58.1,0.1
1442,desenvolvido,74.6,0.1
1443,desenvolvido,74.4,0.1
1444,desenvolvido,74.1,0.1
1445,desenvolvido,73.8,0.1
1446,desenvolvido,73.6,0.1
1447,desenvolvido,72.8,0.1
1448,desenvolvido,72.6,0.1
1449,desenvolvido,71.9,0.1
1450,desenvolvido,78.0,0.1
1451,desenvolvido,75.0,0.1
1452,desenvolvido,76.0,0.1
1453,desenvolvido,71.0,0.1
1454,desenvolvido,78.0,0.1
1455,desenvolvido,73.0,0.1
1456,desenvolvido,69.9,0.1
1457,desenvolvido,71.0,0.1
1458,desenvolvimento,74.9,0.1
1459,desenvolvimento,74.8,0.1
1460,desenvolvimento,74.9,0.1
1461,desenvolvimento,75.0,0.1
1462,desenvolvimento,75.0,0.1
1463,desenvolvimento,74.9,0.1
1464,desenvolvimento,74.7,0.1
1465,desenvolvimento,74.5,0.1
1466,desenvolvimento,74.4,0.1
1467,desenvolvimento,74.1,0.1
1468,desenvolvimento,73.9,0.1
1469,desenvolvimento,73.7,0.1
1470,desenvolvimento,73.5,0.1
1471,desenvolvimento,73.2,0.1
1472,desenvolvimento,73.0,0.1
1473,desenvolvimento,72.7,0.1
1474,desenvolvimento,53.7,9.3
1475,desenvolvimento,52.1,9.4
1476,desenvolvimento,52.1,9.6
1477,desenvolvimento,52.2,9.0
1478,desenvolvimento,52.3,10.5
1479,desenvolvimento,51.1,13.4
1480,desenvolvimento,49.4,18.2
1481,desenvolvimento,47.8,27.3
1482,desenvolvimento,46.2,30.0
1483,desenvolvimento,45.3,34.1
1484,desenvolvimento,44.5,34.8
1485,desenvolvimento,44.8,34.6
1486,desenvolvimento,45.5,33.8
1487,desenvolvimento,46.4,32.5
1488,desenvolvimento,47.8,31.2
1489,desenvolvimento,49.3,29.8
1490,desenvolvimento,61.4,0.9
1491,desenvolvimento,58.1,0.9
1492,desenvolvimento,61.1,1.1
1493,desenvolvimento,67.0,1.2
1494,desenvolvimento,62.0,1.5
1495,desenvolvimento,59.7,1.8
1496,desenvolvimento,59.2,2.1
1497,desenvolvimento,58.6,2.4
1498,desenvolvimento,57.9,2.8
1499,desenvolvimento,56.7,3.0
1500,desenvolvimento,55.3,3.1
1501,desenvolvimento,54.0,3.2
1502,desenvolvimento,50.0,3.2
1503,desenvolvimento,56.0,3.1
1504,desenvolvimento,51.5,3.1
1505,desenvolvimento,51.9,3.1
1506,desenvolvimento,72.7,0.1
1507,desenvolvimento,72.4,0.1
1508,desenvolvimento,72.9,0.1
1509,desenvolvimento,72.9,0.1
1510,desenvolvimento,71.3,0.1
1511,desenvolvimento,72.8,0.1
1512,desenvolvimento,72.7,0.1
1513,desenvolvimento,72.6,0.1
1514,desenvolvimento,72.5,0.1
1515,desenvolvimento,72.2,0.1
1516,desenvolvimento,71.9,0.1
1517,desenvolvimento,71.5,0.1
1518,desenvolvimento,71.3,0.1
1519,desenvolvimento,71.1,0.1
1520,desenvolvimento,71.0,0.1
1521,desenvolvimento,78.0,0.1
1522,desenvolvido,73.6,0.1
1523,desenvolvido,73.4,0.1
1524,desenvolvido,73.0,0.1
1525,desenvolvido,73.0,0.1
1526,desenvolvido,72.8,0.1
1527,desenvolvido,72.4,0.1
1528,desenvolvido,72.2,0.1
1529,desenvolvido,71.1,0.1
1530,desenvolvido,72.0,0.1
1531,desenvolvido,76.0,0.1
1532,desenvolvido,78.0,0.1
1533,desenvolvido,71.6,0.1
1534,desenvolvido,71.6,0.1
1535,desenvolvido,71.4,0.1
1536,desenvolvido,71.2,0.1
1537,desenvolvido,71.6,0.1
1538,desenvolvido,82.0,0.1
1539,desenvolvido,81.7,0.1
1540,desenvolvido,81.4,0.1
1541,desenvolvido,81.1,0.1
1542,desenvolvido,88.0,0.1
1543,desenvolvido,86.0,0.1
1544,desenvolvido,83.0,0.1
1545,desenvolvido,80.0,0.1
1546,desenvolvido,79.7,0.1
1547,desenvolvido,79.4,0.1
1548,desenvolvido,78.8,0.1
1549,desenvolvido,78.7,0.1
1550,desenvolvido,78.6,0.1
1551,desenvolvido,78.3,0.1
1552,desenvolvido,78.0,0.1
1553,desenvolvido,77.8,0.1
1554,desenvolvimento,65.5,0.3
1555,desenvolvimento,65.1,0.3
1556,desenvolvimento,64.7,0.4
1557,desenvolvimento,64.3,0.4
1558,desenvolvimento,63.8,0.4
1559,desenvolvimento,63.3,0.5
1560,desenvolvimento,62.8,0.5
1561,desenvolvimento,62.3,0.5
1562,desenvolvimento,61.9,0.6
1563,desenvolvimento,61.4,0.6
1564,desenvolvimento,69.0,0.6
1565,desenvolvimento,64.0,0.6
1566,desenvolvimento,59.9,0.7
1567,desenvolvimento,59.3,0.7
1568,desenvolvimento,58.7,0.7
1569,desenvolvimento,57.9,0.6
1570,desenvolvimento,58.3,4.8
1571,desenvolvimento,57.6,5.1
1572,desenvolvimento,56.7,6.3
1573,desenvolvimento,55.3,8.3
1574,desenvolvimento,54.1,11.2
1575,desenvolvimento,52.9,13.7
1576,desenvolvimento,51.5,14.9
1577,desenvolvimento,50.0,16.9
1578,desenvolvimento,48.5,19.3
1579,desenvolvimento,47.1,21.1
1580,desenvolvimento,46.0,22.4
1581,desenvolvimento,45.1,23.4
1582,desenvolvimento,44.6,24.2
1583,desenvolvimento,44.0,24.7
1584,desenvolvimento,43.5,25.1
1585,desenvolvimento,43.1,25.5
1586,desenvolvimento,75.0,0.1
1587,desenvolvimento,74.8,0.1
1588,desenvolvimento,74.6,0.1
1589,desenvolvimento,74.5,0.1
1590,desenvolvimento,74.3,0.1
1591,desenvolvimento,74.1,0.1
1592,desenvolvimento,74.0,0.1
1593,desenvolvimento,73.8,0.1
1594,desenvolvimento,73.7,0.1
1595,desenvolvimento,73.6,0.1
1596,desenvolvimento,73.4,0.1
1597,desenvolvimento,73.2,0.1
1598,desenvolvimento,73.1,0.1
1599,desenvolvimento,72.9,0.1
1600,desenvolvimento,72.7,0.1
1601,desenvolvimento,72.4,0.1
1602,desenvolvimento,78.5,0.1
1603,desenvolvimento,78.2,0.1
1604,desenvolvimento,77.9,0.1
1605,desenvolvimento,77.6,0.1
1606,desenvolvimento,77.3,0.1
1607,desenvolvimento,76.7,0.1
1608,desenvolvimento,76.3,0.1
1609,desenvolvimento,75.9,0.1
1610,desenvolvimento,75.4,0.1
1611,desenvolvimento,75.0,0.1
1612,desenvolvimento,74.3,0.1
1613,desenvolvimento,73.4,0.1
1614,desenvolvimento,72.7,0.1
1615,desenvolvimento,71.8,0.1
1616,desenvolvimento,78.0,0.1
1617,desenvolvimento,69.6,0.1
1618,desenvolvimento,58.2,1.5
1619,desenvolvimento,57.8,1.6
1620,desenvolvimento,57.3,1.6
1621,desenvolvimento,57.2,1.5
1622,desenvolvimento,56.8,1.5
1623,desenvolvimento,56.5,1.5
1624,desenvolvimento,56.0,1.6
1625,desenvolvimento,55.5,1.6
1626,desenvolvimento,55.0,1.7
1627,desenvolvimento,54.3,1.8
1628,desenvolvimento,53.6,1.9
1629,desenvolvimento,52.8,2.0
1630,desenvolvimento,52.0,2.2
1631,desenvolvimento,51.2,2.3
1632,desenvolvimento,55.0,2.4
1633,desenvolvimento,49.8,2.5
1634,desenvolvido,81.7,0.1
1635,desenvolvido,81.4,0.1
1636,desenvolvido,81.1,0.1
1637,desenvolvido,81.0,0.1
1638,desenvolvido,87.0,0.1
1639,desenvolvido,83.0,0.1
1640,desenvolvido,82.0,0.1
1641,desenvolvido,80.0,0.1
1642,desenvolvido,79.6,0.1
1643,desenvolvido,79.3,0.1
1644,desenvolvido,79.0,0.1
1645,desenvolvido,78.7,0.1
1646,desenvolvido,78.5,0.1
1647,desenvolvido,78.2,0.1
1648,desenvolvido,77.8,0.1
1649,desenvolvido,77.5,0.1
1651,desenvolvimento,63.1,0.9
1652,desenvolvimento,63.0,0.9
1653,desenvolvimento,62.7,1.1
1654,desenvolvimento,62.5,1.2
1655,desenvolvimento,62.2,1.2
1656,desenvolvimento,62.0,1.2
1657,desenvolvimento,61.7,1.2
1658,desenvolvimento,61.4,1.3
1659,desenvolvimento,61.2,1.3
1660,desenvolvimento,69.0,1.3
1661,desenvolvimento,66.0,1.3
1662,desenvolvimento,64.0,1.3
1663,desenvolvimento,63.0,1.3
1664,desenvolvimento,62.0,1.2
1665,desenvolvimento,61.0,1.2
1666,desenvolvimento,60.0,1.1
1667,desenvolvimento,74.6,0.1
1668,desenvolvimento,74.2,0.1
1669,desenvolvimento,74.1,0.1
1670,desenvolvimento,73.9,0.1
1671,desenvolvimento,73.6,0.1
1672,desenvolvimento,73.3,0.2
1673,desenvolvimento,72.8,0.1
1674,desenvolvimento,72.7,0.1
1675,desenvolvimento,72.9,0.1
1676,desenvolvimento,71.8,0.1
1677,desenvolvimento,72.1,0.1
1678,desenvolvimento,71.9,0.1
1679,desenvolvimento,71.5,0.1
1680,desenvolvimento,71.5,0.1
1681,desenvolvimento,71.5,0.1
1682,desenvolvimento,71.0,0.1
1683,desenvolvimento,76.7,0.1
1684,desenvolvimento,76.6,0.1
1685,desenvolvimento,76.6,0.1
1686,desenvolvimento,76.3,0.1
1687,desenvolvimento,76.1,0.1
1688,desenvolvimento,75.6,0.1
1689,desenvolvimento,75.7,0.1
1690,desenvolvimento,75.6,0.1
1691,desenvolvimento,76.0,0.1
1692,desenvolvimento,75.8,0.1
1693,desenvolvimento,75.3,0.1
1694,desenvolvimento,75.4,0.1
1695,desenvolvimento,75.0,0.1
1696,desenvolvimento,75.0,0.1
1697,desenvolvimento,75.0,0.1
1698,desenvolvimento,74.8,0.1
1699,desenvolvimento,69.4,0.1
1700,desenvolvimento,69.4,0.1
1701,desenvolvimento,69.2,0.1
1702,desenvolvimento,69.0,0.1
1703,desenvolvimento,68.9,0.1
1704,desenvolvimento,68.7,0.1
1705,desenvolvimento,68.5,0.1
1706,desenvolvimento,68.4,0.1
1707,desenvolvimento,68.2,0.1
1708,desenvolvimento,68.0,0.1
1709,desenvolvimento,67.9,0.1
1710,desenvolvimento,67.7,0.1
1711,desenvolvimento,67.5,0.1
1712,desenvolvimento,66.2,0.1
1713,desenvolvimento,67.2,0.1
1714,desenvolvimento,67.0,0.1
1716,desenvolvimento,68.8,0.1
1717,desenvolvimento,68.4,0.1
1718,desenvolvimento,68.1,0.1
1719,desenvolvimento,67.8,0.1
1720,desenvolvimento,67.3,0.1
1721,desenvolvimento,66.3,0.1
1722,desenvolvimento,66.9,0.1
1723,desenvolvimento,67.4,0.1
1724,desenvolvimento,65.9,0.1
1725,desenvolvimento,65.0,0.1
1726,desenvolvimento,64.5,0.1
1727,desenvolvimento,64.0,0.1
1728,desenvolvimento,64.0,0.1
1729,desenvolvimento,63.8,0.1
1730,desenvolvimento,63.2,0.1
1731,desenvolvimento,62.8,0.1
1732,desenvolvimento,76.1,0.1
1733,desenvolvimento,75.9,0.1
1734,desenvolvimento,75.8,0.1
1735,desenvolvimento,75.6,0.1
1736,desenvolvimento,75.4,0.1
1737,desenvolvimento,75.3,0.1
1738,desenvolvimento,75.0,0.1
1739,desenvolvimento,74.6,0.1
1740,desenvolvimento,74.2,0.1
1741,desenvolvimento,73.8,0.1
1742,desenvolvimento,73.6,0.1
1743,desenvolvimento,73.5,0.1
1744,desenvolvimento,73.5,0.1
1745,desenvolvimento,73.4,0.1
1746,desenvolvimento,73.3,0.1
1747,desenvolvimento,73.0,0.1
1748,desenvolvimento,74.3,0.1
1749,desenvolvimento,74.1,0.1
1750,desenvolvimento,73.9,0.1
1751,desenvolvimento,73.6,0.1
1752,desenvolvimento,73.3,0.1
1753,desenvolvimento,72.8,0.1
1754,desenvolvimento,72.3,0.1
1755,desenvolvimento,71.8,0.1
1756,desenvolvimento,71.4,0.1
1757,desenvolvimento,71.0,0.1
1758,desenvolvimento,77.0,0.1
1759,desenvolvimento,72.0,0.1
1760,desenvolvimento,69.9,0.1
1761,desenvolvimento,69.5,0.1
1762,desenvolvimento,69.0,0.1
1763,desenvolvimento,68.6,0.1
1764,desenvolvimento,57.6,3.9
1765,desenvolvimento,56.7,4.1
1766,desenvolvimento,55.3,5.1
1767,desenvolvimento,54.8,6.9
1768,desenvolvimento,54.3,9.6
1769,desenvolvimento,54.0,10.8
1770,desenvolvimento,53.8,11.3
1771,desenvolvimento,53.2,12.6
1772,desenvolvimento,52.1,14.1
1773,desenvolvimento,51.2,16.3
1774,desenvolvimento,58.0,16.2
1775,desenvolvimento,54.0,15.9
1776,desenvolvimento,51.0,15.3
1777,desenvolvimento,49.8,14.5
1778,desenvolvimento,49.5,13.4
1779,desenvolvimento,49.0,12.2
1780,desenvolvimento,66.6,0.3
1781,desenvolvimento,66.4,0.3
1782,desenvolvimento,66.2,0.4
1783,desenvolvimento,65.9,0.5
1784,desenvolvimento,65.6,0.5
1785,desenvolvimento,65.4,0.5
1786,desenvolvimento,65.2,0.6
1787,desenvolvimento,59.2,0.6
1788,desenvolvimento,64.5,0.6
1789,desenvolvimento,64.2,0.6
1790,desenvolvimento,63.9,0.5
1791,desenvolvimento,63.5,0.5
1792,desenvolvimento,63.2,0.5
1793,desenvolvimento,62.8,0.4
1794,desenvolvimento,62.5,0.4
1795,desenvolvimento,62.1,0.4
1796,desenvolvimento,65.8,2.1
1797,desenvolvimento,65.9,2.2
1798,desenvolvimento,66.1,2.5
1799,desenvolvimento,65.8,3.7
1800,desenvolvimento,64.3,4.7
1801,desenvolvimento,63.0,6.2
1802,desenvolvimento,62.4,8.7
1803,desenvolvimento,61.7,11.7
1804,desenvolvimento,60.0,15.2
1805,desenvolvimento,57.0,19.2
1806,desenvolvimento,55.1,22.1
1807,desenvolvimento,54.7,24.0
1808,desenvolvimento,55.0,24.7
1809,desenvolvimento,55.7,24.6
1810,desenvolvimento,56.5,23.9
1811,desenvolvimento,57.4,22.8
1813,desenvolvimento,69.2,0.1
1814,desenvolvimento,69.6,0.1
1815,desenvolvimento,69.3,0.1
1816,desenvolvimento,68.9,0.2
1817,desenvolvimento,68.4,0.2
1818,desenvolvimento,68.0,0.2
1819,desenvolvimento,67.5,0.2
1820,desenvolvimento,67.0,0.2
1821,desenvolvimento,66.6,0.2
1822,desenvolvimento,66.0,0.2
1823,desenvolvimento,65.4,0.2
1824,desenvolvimento,64.7,0.2
1825,desenvolvimento,64.3,0.1
1826,desenvolvimento,63.1,0.1
1827,desenvolvimento,63.2,0.1
1828,desenvolvimento,62.5,0.1
1829,desenvolvido,81.9,0.1
1830,desenvolvido,81.7,0.1
1831,desenvolvido,81.4,0.1
1832,desenvolvido,81.1,0.1
1833,desenvolvido,81.1,0.1
1834,desenvolvido,88.0,0.1
1835,desenvolvido,86.0,0.1
1836,desenvolvido,83.0,0.1
1837,desenvolvido,82.0,0.1
1838,desenvolvido,79.8,0.1
1839,desenvolvido,79.4,0.1
1840,desenvolvido,79.2,0.1
1841,desenvolvido,78.7,0.1
1842,desenvolvido,78.4,0.1
1843,desenvolvido,78.3,0.1
1844,desenvolvido,78.1,0.1
1845,desenvolvido,81.6,0.1
1846,desenvolvido,81.5,0.1
1847,desenvolvido,81.3,0.1
1848,desenvolvido,81.1,0.1
1849,desenvolvido,86.0,0.1
1850,desenvolvido,89.0,0.1
1851,desenvolvido,85.0,0.1
1852,desenvolvido,81.0,0.1
1853,desenvolvido,81.0,0.1
1854,desenvolvido,79.9,0.1
1855,desenvolvido,79.9,0.1
1856,desenvolvido,79.2,0.1
1857,desenvolvido,79.1,0.1
1858,desenvolvido,78.7,0.1
1859,desenvolvido,78.5,0.1
1860,desenvolvido,78.6,0.1
1861,desenvolvimento,74.8,0.1
1862,desenvolvimento,74.5,0.1
1863,desenvolvimento,73.9,0.1
1864,desenvolvimento,73.9,0.1
1865,desenvolvimento,74.5,0.1
1866,desenvolvimento,73.2,0.1
1867,desenvolvimento,73.2,0.2
1868,desenvolvimento,72.5,0.2
1869,desenvolvimento,72.5,0.2
1870,desenvolvimento,73.0,0.3
1871,desenvolvimento,71.2,0.3
1872,desenvolvimento,71.0,0.3
1873,desenvolvimento,76.0,0.3
1874,desenvolvimento,75.0,0.4
1875,desenvolvimento,73.0,0.4
1876,desenvolvimento,73.0,0.4
1877,desenvolvimento,61.8,0.4
1878,desenvolvimento,61.4,0.5
1879,desenvolvimento,69.0,0.6
1880,desenvolvimento,63.0,0.7
1881,desenvolvimento,59.4,0.7
1882,desenvolvimento,58.2,0.9
1883,desenvolvimento,57.1,1.1
1884,desenvolvimento,56.0,1.3
1885,desenvolvimento,55.2,1.4
1886,desenvolvimento,54.5,1.5
1887,desenvolvimento,53.7,1.6
1888,desenvolvimento,52.9,1.6
1889,desenvolvimento,52.1,1.6
1890,desenvolvimento,51.4,1.6
1891,desenvolvimento,56.0,1.6
1892,desenvolvimento,50.0,1.5
1893,desenvolvimento,54.5,3.7
1894,desenvolvimento,53.6,3.9
1895,desenvolvimento,53.2,3.9
1896,desenvolvimento,52.7,4.4
1897,desenvolvimento,52.3,4.7
1898,desenvolvimento,52.0,4.8
1899,desenvolvimento,51.6,4.9
1900,desenvolvimento,59.0,5.0
1901,desenvolvimento,55.0,5.2
1902,desenvolvimento,49.8,5.3
1903,desenvolvimento,49.2,5.4
1904,desenvolvimento,48.5,5.4
1905,desenvolvimento,48.1,5.4
1906,desenvolvimento,47.7,5.3
1907,desenvolvimento,47.4,5.1
1908,desenvolvimento,47.1,4.9
1910,desenvolvido,81.8,0.1
1911,desenvolvido,81.6,0.1
1912,desenvolvido,81.5,0.1
1913,desenvolvido,81.3,0.1
1914,desenvolvido,81.1,0.1
1915,desenvolvido,81.0,0.1
1916,desenvolvido,89.0,0.1
1917,desenvolvido,86.0,0.1
1918,desenvolvido,85.0,0.1
1919,desenvolvido,84.0,0.1
1920,desenvolvido,81.0,0.1
1921,desenvolvido,79.8,0.1
1922,desenvolvido,79.4,0.1
1923,desenvolvido,78.9,0.1
1924,desenvolvido,78.8,0.1
1925,desenvolvido,78.5,0.1
1926,desenvolvimento,76.6,0.1
1927,desenvolvimento,76.4,0.1
1928,desenvolvimento,76.2,0.1
1929,desenvolvimento,76.0,0.1
1930,desenvolvimento,75.8,0.1
1931,desenvolvimento,75.6,0.1
1932,desenvolvimento,75.4,0.1
1933,desenvolvimento,75.2,0.1
1934,desenvolvimento,74.9,0.1
1935,desenvolvimento,74.7,0.1
1936,desenvolvimento,74.3,0.1
1937,desenvolvimento,74.0,0.1
1938,desenvolvimento,73.6,0.1
1939,desenvolvimento,73.3,0.1
1940,desenvolvimento,72.9,0.1
1941,desenvolvimento,72.6,0.1
1942,desenvolvimento,66.4,0.1
1943,desenvolvimento,66.2,0.1
1944,desenvolvimento,66.0,0.1
1945,desenvolvimento,65.7,0.1
1946,desenvolvimento,65.5,0.1
1947,desenvolvimento,65.1,0.1
1948,desenvolvimento,64.8,0.1
1949,desenvolvimento,64.6,0.1
1950,desenvolvimento,64.4,0.1
1951,desenvolvimento,64.2,0.1
1952,desenvolvimento,62.9,0.1
1953,desenvolvimento,63.7,0.1
1954,desenvolvimento,63.5,0.1
1955,desenvolvimento,63.2,0.1
1956,desenvolvimento,63.0,0.1
1957,desenvolvimento,62.8,0.1
1959,desenvolvimento,77.8,0.1
1960,desenvolvimento,77.6,0.1
1961,desenvolvimento,77.5,0.1
1962,desenvolvimento,77.2,0.1
1963,desenvolvimento,77.3,0.1
1964,desenvolvimento,76.5,0.1
1965,desenvolvimento,76.8,0.1
1966,desenvolvimento,76.5,0.1
1967,desenvolvimento,76.4,0.2
1968,desenvolvimento,76.2,0.1
1969,desenvolvimento,75.8,0.1
1970,desenvolvimento,75.8,0.2
1971,desenvolvimento,75.5,0.1
1972,desenvolvimento,75.7,0.2
1973,desenvolvimento,75.5,0.1
1974,desenvolvimento,75.7,0.2
1975,desenvolvimento,62.9,0.6
1976,desenvolvimento,62.7,0.7
1977,desenvolvimento,62.4,0.8
1978,desenvolvimento,62.2,1.0
1979,desenvolvimento,62.0,1.0
1980,desenvolvimento,61.8,1.1
1981,desenvolvimento,61.6,1.1
1982,desenvolvimento,61.4,1.3
1983,desenvolvimento,61.1,1.4
1984,desenvolvimento,68.0,1.5
1985,desenvolvimento,64.0,1.5
1986,desenvolvimento,59.9,1.5
1987,desenvolvimento,59.6,1.4
1988,desenvolvimento,59.3,1.4
1989,desenvolvimento,59.1,1.3
1990,desenvolvimento,58.9,1.1
1991,desenvolvimento,74.0,0.2
1992,desenvolvimento,73.9,0.2
1993,desenvolvimento,73.8,0.2
1994,desenvolvimento,73.6,0.1
1995,desenvolvimento,73.4,0.1
1996,desenvolvimento,73.2,0.1
1997,desenvolvimento,73.0,0.1
1998,desenvolvimento,72.7,0.1
1999,desenvolvimento,72.5,0.1
2000,desenvolvimento,72.3,0.2
2001,desenvolvimento,72.1,0.2
2002,desenvolvimento,71.9,0.2
2003,desenvolvimento,71.7,0.1
2004,desenvolvimento,71.5,0.1
2005,desenvolvimento,71.2,0.1
2006,desenvolvimento,79.0,0.1
2007,desenvolvimento,75.5,0.1
2008,desenvolvimento,75.3,0.1
2009,desenvolvimento,75.3,0.1
2010,desenvolvimento,74.9,0.1
2011,desenvolvimento,74.5,0.2
2012,desenvolvimento,73.7,0.2
2013,desenvolvimento,73.8,0.3
2014,desenvolvimento,73.9,0.3
2015,desenvolvimento,74.0,0.3
2016,desenvolvimento,74.2,0.4
2017,desenvolvimento,72.8,0.4
2018,desenvolvimento,72.2,0.4
2019,desenvolvimento,72.1,0.4
2020,desenvolvimento,72.6,0.4
2021,desenvolvimento,72.4,0.5
2022,desenvolvimento,71.4,0.5
2023,desenvolvimento,68.5,0.1
2024,desenvolvimento,68.4,0.1
2025,desenvolvimento,68.1,0.1
2026,desenvolvimento,68.1,0.1
2027,desenvolvimento,68.0,0.1
2028,desenvolvimento,67.9,0.1
2029,desenvolvimento,68.0,0.1
2030,desenvolvimento,67.5,0.1
2031,desenvolvimento,67.5,0.1
2032,desenvolvimento,67.3,0.1
2033,desenvolvimento,67.0,0.1
2034,desenvolvimento,67.3,0.1
2035,desenvolvimento,67.2,0.1
2036,desenvolvimento,66.8,0.1
2037,desenvolvimento,66.8,0.1
2038,desenvolvimento,66.8,0.1
2039,desenvolvido,77.5,0.1
2040,desenvolvido,77.3,0.1
2041,desenvolvido,77.1,0.1
2042,desenvolvido,76.8,0.1
2043,desenvolvido,76.7,0.1
2044,desenvolvido,76.3,0.1
2045,desenvolvido,75.7,0.1
2046,desenvolvido,75.5,0.1
2047,desenvolvido,75.3,0.1
2048,desenvolvido,75.2,0.1
2049,desenvolvido,75.0,0.1
2050,desenvolvido,74.9,0.1
2051,desenvolvido,74.7,0.1
2052,desenvolvido,74.5,0.1
2053,desenvolvido,74.2,0.1
2054,desenvolvido,73.7,0.1
2055,desenvolvido,81.1,0.1
2056,desenvolvido,89.0,0.1
2057,desenvolvido,86.0,0.1
2058,desenvolvido,83.0,0.1
2059,desenvolvido,82.0,0.1
2060,desenvolvido,79.6,0.1
2061,desenvolvido,79.3,0.1
2062,desenvolvido,79.0,0.1
2063,desenvolvido,78.7,0.1
2064,desenvolvido,78.5,0.1
2065,desenvolvido,77.7,0.1
2066,desenvolvido,78.0,0.1
2067,desenvolvido,77.3,0.1
2068,desenvolvido,77.2,0.1
2069,desenvolvido,76.9,0.1
2070,desenvolvido,76.6,0.1
2071,desenvolvimento,78.2,0.1
2072,desenvolvimento,78.1,0.1
2073,desenvolvimento,77.9,0.1
2074,desenvolvimento,77.8,0.1
2075,desenvolvimento,77.5,0.1
2076,desenvolvimento,77.3,0.1
2077,desenvolvimento,77.0,0.1
2078,desenvolvimento,76.8,0.1
2079,desenvolvimento,76.7,0.1
2080,desenvolvimento,76.6,0.1
2081,desenvolvimento,76.6,0.1
2082,desenvolvimento,76.6,0.1
2083,desenvolvimento,76.5,0.1
2084,desenvolvimento,76.4,0.1
2085,desenvolvimento,76.3,0.1
2086,desenvolvimento,76.2,0.1
2087,desenvolvimento,82.3,0.1
2088,desenvolvimento,82.0,0.1
2089,desenvolvimento,81.7,0.1
2090,desenvolvimento,81.2,0.1
2091,desenvolvimento,81.1,0.1
2092,desenvolvimento,87.0,0.1
2093,desenvolvimento,86.0,0.1
2094,desenvolvimento,83.0,0.1
2095,desenvolvimento,79.8,0.1
2096,desenvolvimento,79.4,0.1
2097,desenvolvimento,78.7,0.1
2098,desenvolvimento,78.2,0.1
2099,desenvolvimento,77.6,0.1
2100,desenvolvimento,77.1,0.1
2101,desenvolvimento,76.7,0.1
2102,desenvolvimento,76.0,0.1
2103,desenvolvimento,72.1,0.1
2104,desenvolvimento,71.8,0.1
2105,desenvolvimento,71.7,0.1
2106,desenvolvimento,79.0,0.1
2107,desenvolvimento,77.0,0.1
2108,desenvolvimento,68.8,0.1
2109,desenvolvimento,69.0,0.1
2110,desenvolvimento,68.9,0.1
2111,desenvolvimento,68.3,0.1
2112,desenvolvimento,68.0,0.1
2113,desenvolvimento,67.3,0.1
2114,desenvolvimento,68.0,0.1
2115,desenvolvimento,67.6,0.1
2116,desenvolvimento,67.5,0.1
2117,desenvolvimento,67.6,0.1
2118,desenvolvimento,67.1,0.1
2119,desenvolvido,75.0,0.1
2120,desenvolvido,74.8,0.1
2121,desenvolvido,74.6,0.1
2122,desenvolvido,74.4,0.1
2123,desenvolvido,74.3,0.1
2124,desenvolvido,73.4,0.1
2125,desenvolvido,73.1,0.1
2126,desenvolvido,73.1,0.1
2127,desenvolvido,72.9,0.1
2128,desenvolvido,72.5,0.1
2129,desenvolvido,71.9,0.1
2130,desenvolvido,71.7,0.1
2131,desenvolvido,71.1,0.1
2132,desenvolvido,77.0,0.1
2133,desenvolvido,78.0,0.1
2134,desenvolvido,77.0,0.1
2135,desenvolvimento,75.0,0.1
2136,desenvolvimento,73.0,0.1
2137,desenvolvimento,70.0,0.2
2138,desenvolvimento,69.6,0.3
2139,desenvolvimento,69.4,0.3
2140,desenvolvimento,68.4,0.2
2141,desenvolvimento,68.2,0.3
2142,desenvolvimento,67.5,0.3
2143,desenvolvimento,67.3,0.3
2144,desenvolvimento,66.4,0.3
2145,desenvolvimento,65.0,0.3
2146,desenvolvimento,64.9,0.3
2147,desenvolvimento,64.6,0.4
2148,desenvolvimento,64.8,0.3
2149,desenvolvimento,65.1,0.3
2150,desenvolvimento,65.0,0.2
2151,desenvolvimento,66.1,0.4
2152,desenvolvimento,65.7,0.4
2153,desenvolvimento,65.2,0.5
2154,desenvolvimento,64.6,0.7
2155,desenvolvimento,63.8,1.3
2156,desenvolvimento,62.8,2.3
2157,desenvolvimento,61.0,2.8
2158,desenvolvimento,68.0,3.7
2159,desenvolvimento,59.6,5.0
2160,desenvolvimento,57.6,6.2
2161,desenvolvimento,55.3,7.1
2162,desenvolvimento,53.4,7.7
2163,desenvolvimento,52.0,8.1
2164,desenvolvimento,57.0,8.0
2165,desenvolvimento,48.6,8.1
2166,desenvolvimento,48.3,8.5
2168,desenvolvimento,75.2,0.1
2169,desenvolvimento,75.0,0.1
2170,desenvolvimento,74.8,0.1
2171,desenvolvimento,74.7,0.1
2172,desenvolvimento,74.6,0.1
2173,desenvolvimento,74.2,0.1
2174,desenvolvimento,74.3,0.1
2175,desenvolvimento,74.1,0.1
2176,desenvolvimento,73.9,0.1
2177,desenvolvimento,73.5,0.1
2178,desenvolvimento,73.1,0.2
2179,desenvolvimento,72.6,0.2
2180,desenvolvimento,72.2,0.2
2181,desenvolvimento,72.0,0.1
2182,desenvolvimento,71.8,0.3
2183,desenvolvimento,71.6,0.4
2184,desenvolvimento,73.2,0.1
2185,desenvolvimento,73.1,0.1
2186,desenvolvimento,72.7,0.1
2187,desenvolvimento,72.8,0.1
2188,desenvolvimento,72.7,0.1
2189,desenvolvimento,72.5,0.1
2190,desenvolvimento,72.3,0.2
2191,desenvolvimento,72.1,0.3
2192,desenvolvimento,71.9,0.3
2193,desenvolvimento,71.7,0.3
2194,desenvolvimento,71.4,0.2
2195,desenvolvimento,71.2,0.4
2196,desenvolvimento,71.0,0.4
2197,desenvolvimento,79.0,0.4
2198,desenvolvimento,79.0,0.7
2199,desenvolvimento,79.0,0.7
2200,desenvolvimento,74.0,0.1
2201,desenvolvimento,73.8,0.1
2202,desenvolvimento,73.6,0.1
2203,desenvolvimento,73.2,0.1
2204,desenvolvimento,73.0,0.1
2205,desenvolvimento,72.6,0.1
2206,desenvolvimento,76.0,0.1
2207,desenvolvimento,72.5,0.1
2208,desenvolvimento,72.2,0.1
2209,desenvolvimento,72.0,0.1
2210,desenvolvimento,71.6,0.1
2211,desenvolvimento,71.4,0.1
2212,desenvolvimento,79.0,0.1
2213,desenvolvimento,76.0,0.1
2214,desenvolvimento,75.0,0.1
2215,desenvolvimento,72.0,0.1
2217,desenvolvimento,67.5,0.2
2218,desenvolvimento,67.3,0.2
2219,desenvolvimento,67.1,0.2
2220,desenvolvimento,66.9,0.5
2221,desenvolvimento,66.6,0.5
2222,desenvolvimento,66.2,0.5
2223,desenvolvimento,65.8,0.9
2224,desenvolvimento,65.4,0.9
2225,desenvolvimento,65.1,1.2
2226,desenvolvimento,64.7,1.2
2227,desenvolvimento,64.3,1.6
2228,desenvolvimento,63.8,1.6
2229,desenvolvimento,63.4,1.6
2230,desenvolvimento,63.1,1.4
2231,desenvolvimento,62.8,1.5
2232,desenvolvimento,62.6,1.5
2233,desenvolvimento,74.5,0.1
2234,desenvolvimento,74.4,0.1
2235,desenvolvimento,74.3,0.1
2236,desenvolvimento,74.1,0.1
2237,desenvolvimento,73.9,0.1
2238,desenvolvimento,73.7,0.1
2239,desenvolvimento,73.4,0.1
2240,desenvolvimento,73.3,0.1
2241,desenvolvimento,73.2,0.1
2242,desenvolvimento,73.2,0.1
2243,desenvolvimento,73.1,0.1
2244,desenvolvimento,73.1,0.1
2245,desenvolvimento,73.0,0.1
2246,desenvolvimento,72.9,0.1
2247,desenvolvimento,72.8,0.1
2248,desenvolvimento,72.6,0.1
2249,desenvolvimento,66.7,0.3
2250,desenvolvimento,66.4,0.3
2251,desenvolvimento,66.0,0.3
2252,desenvolvimento,65.6,0.4
2253,desenvolvimento,64.9,0.4
2254,desenvolvimento,64.3,0.4
2255,desenvolvimento,63.5,0.5
2256,desenvolvimento,62.8,0.6
2257,desenvolvimento,62.1,0.7
2258,desenvolvimento,61.3,0.7
2259,desenvolvimento,65.0,0.7
2260,desenvolvimento,59.7,0.7
2261,desenvolvimento,59.0,0.7
2262,desenvolvimento,58.4,0.7
2263,desenvolvimento,57.9,0.6
2264,desenvolvimento,57.5,0.5
2265,desenvolvimento,75.6,0.1
2266,desenvolvimento,75.4,0.1
2267,desenvolvimento,75.3,0.1
2268,desenvolvimento,74.9,0.1
2269,desenvolvimento,74.6,0.1
2270,desenvolvimento,74.4,0.1
2271,desenvolvimento,74.1,0.1
2272,desenvolvimento,74.0,0.1
2273,desenvolvimento,73.8,0.1
2274,desenvolvimento,73.6,0.1
2275,desenvolvimento,73.0,0.1
2276,desenvolvimento,73.0,0.1
2277,desenvolvimento,73.0,0.1
2278,desenvolvimento,72.9,0.1
2279,desenvolvimento,73.1,0.1
2280,desenvolvimento,72.6,0.1
2281,desenvolvimento,73.2,0.1
2282,desenvolvimento,73.0,0.1
2283,desenvolvimento,72.9,0.1
2284,desenvolvimento,72.7,0.1
2285,desenvolvimento,72.6,0.1
2286,desenvolvimento,72.4,0.1
2287,desenvolvimento,72.3,0.1
2288,desenvolvimento,72.2,0.1
2289,desenvolvimento,72.2,0.1
2290,desenvolvimento,72.2,0.1
2291,desenvolvimento,72.2,0.1
2292,desenvolvimento,72.1,0.1
2293,desenvolvimento,72.1,0.1
2294,desenvolvimento,72.1,0.1
2295,desenvolvimento,72.0,0.1
2296,desenvolvimento,71.8,0.1
2297,desenvolvimento,51.0,0.5
2298,desenvolvimento,48.1,0.6
2299,desenvolvimento,54.0,0.8
2300,desenvolvimento,49.7,0.9
2301,desenvolvimento,48.9,1.3
2302,desenvolvimento,48.1,1.6
2303,desenvolvimento,47.1,1.7
2304,desenvolvimento,46.2,1.9
2305,desenvolvimento,45.3,2.2
2306,desenvolvimento,44.3,2.2
2307,desenvolvimento,43.3,2.2
2308,desenvolvimento,42.3,2.1
2309,desenvolvimento,41.5,1.9
2310,desenvolvimento,48.0,1.7
2311,desenvolvimento,41.0,1.5
2312,desenvolvimento,39.0,1.2
2313,desenvolvido,83.1,0.1
2314,desenvolvido,82.9,0.1
2315,desenvolvido,82.7,0.1
2316,desenvolvido,82.5,0.1
2317,desenvolvido,82.2,0.1
2318,desenvolvido,82.0,0.1
2319,desenvolvido,81.7,0.1
2320,desenvolvido,81.4,0.1
2321,desenvolvido,81.1,0.1
2322,desenvolvido,87.0,0.1
2323,desenvolvido,82.0,0.1
2324,desenvolvido,79.7,0.1
2325,desenvolvido,79.3,0.1
2326,desenvolvido,79.0,0.1
2327,desenvolvido,78.7,0.1
2328,desenvolvido,78.3,0.1
2329,desenvolvido,76.7,0.1
2330,desenvolvido,76.4,0.1
2331,desenvolvido,76.1,0.1
2332,desenvolvido,75.8,0.1
2333,desenvolvido,75.6,0.1
2334,desenvolvido,75.1,0.1
2335,desenvolvido,75.0,0.1
2336,desenvolvido,74.7,0.1
2337,desenvolvido,74.4,0.1
2338,desenvolvido,74.3,0.1
2339,desenvolvido,74.0,0.1
2340,desenvolvido,74.1,0.1
2341,desenvolvido,73.8,0.1
2342,desenvolvido,73.7,0.1
2343,desenvolvido,73.3,0.1
2344,desenvolvido,73.0,0.1
2345,desenvolvido,88.0,0.1
2346,desenvolvido,87.0,0.1
2347,desenvolvido,85.0,0.1
2348,desenvolvido,82.0,0.1
2349,desenvolvido,79.8,0.1
2350,desenvolvido,79.5,0.1
2351,desenvolvido,79.1,0.1
2352,desenvolvido,78.9,0.1
2353,desenvolvido,78.3,0.1
2354,desenvolvido,78.1,0.1
2355,desenvolvido,77.5,0.1
2356,desenvolvido,77.2,0.1
2357,desenvolvido,76.5,0.1
2358,desenvolvido,76.6,0.1
2359,desenvolvido,76.2,0.1
2360,desenvolvido,76.0,0.1
2361,desenvolvimento,69.2,0.1
2362,desenvolvimento,68.8,0.1
2363,desenvolvimento,68.8,0.1
2364,desenvolvimento,68.7,0.1
2365,desenvolvimento,68.5,0.1
2366,desenvolvimento,68.3,0.1
2367,desenvolvimento,68.1,0.1
2368,desenvolvimento,68.0,0.1
2369,desenvolvimento,67.6,0.1
2370,desenvolvimento,67.6,0.1
2371,desenvolvimento,67.4,0.1
2372,desenvolvimento,67.1,0.1
2373,desenvolvimento,66.8,0.1
2374,desenvolvimento,66.5,0.1
2375,desenvolvimento,66.2,0.1
2376,desenvolvimento,65.8,0.1
2377,desenvolvimento,55.0,0.7
2378,desenvolvimento,54.3,0.8
2379,desenvolvimento,54.2,0.8
2380,desenvolvimento,53.1,0.8
2381,desenvolvimento,53.1,0.8
2382,desenvolvimento,52.4,0.8
2383,desenvolvimento,52.2,0.8
2384,desenvolvimento,51.9,0.9
2385,desenvolvimento,51.5,0.9
2386,desenvolvimento,51.5,0.9
2387,desenvolvimento,51.6,0.9
2388,desenvolvimento,51.2,0.9
2389,desenvolvimento,51.1,0.9
2390,desenvolvimento,58.0,0.9
2391,desenvolvimento,57.0,0.8
2392,desenvolvimento,55.0,0.8
2393,desenvolvimento,62.9,3.6
2394,desenvolvimento,62.0,3.7
2395,desenvolvimento,69.0,4.5
2396,desenvolvimento,59.2,7.6
2397,desenvolvimento,58.9,8.5
2398,desenvolvimento,58.0,11.0
2399,desenvolvimento,56.5,19.0
2400,desenvolvimento,55.3,23.5
2401,desenvolvimento,54.5,26.4
2402,desenvolvimento,54.0,28.1
2403,desenvolvimento,53.8,29.5
2404,desenvolvimento,53.7,29.7
2405,desenvolvimento,54.0,28.9
2406,desenvolvimento,54.9,26.6
2407,desenvolvimento,56.0,24.0
2408,desenvolvimento,57.3,21.3
2409,desenvolvimento,57.3,3.4
2410,desenvolvimento,56.6,3.5
2411,desenvolvimento,56.4,3.6
2412,desenvolvimento,56.0,3.8
2413,desenvolvimento,55.4,3.9
2414,desenvolvimento,55.0,4.0
2415,desenvolvimento,54.3,4.2
2416,desenvolvimento,53.6,4.2
2417,desenvolvimento,53.1,4.2
2418,desenvolvimento,52.5,4.1
2419,desenvolvimento,51.9,3.9
2420,desenvolvimento,51.4,3.8
2421,desenvolvimento,58.0,3.5
2422,desenvolvimento,52.0,3.3
2423,desenvolvimento,49.6,3.0
2424,desenvolvimento,48.9,2.7
2425,desenvolvido,82.8,0.1
2426,desenvolvido,82.6,0.1
2427,desenvolvido,82.4,0.1
2428,desenvolvido,82.0,0.1
2429,desenvolvido,82.1,0.1
2430,desenvolvido,81.9,0.1
2431,desenvolvido,81.6,0.1
2432,desenvolvido,81.3,0.1
2433,desenvolvido,89.0,0.1
2434,desenvolvido,88.0,0.1
2435,desenvolvido,81.0,0.1
2436,desenvolvido,81.0,0.1
2437,desenvolvido,79.4,0.1
2438,desenvolvido,79.5,0.1
2439,desenvolvido,79.4,0.1
2440,desenvolvido,79.1,0.1
2441,desenvolvimento,74.9,0.1
2442,desenvolvimento,74.7,0.1
2443,desenvolvimento,74.6,0.1
2444,desenvolvimento,74.5,0.1
2445,desenvolvimento,74.5,0.1
2446,desenvolvimento,74.5,0.1
2447,desenvolvimento,71.8,0.1
2448,desenvolvimento,72.3,0.1
2449,desenvolvimento,73.7,0.1
2450,desenvolvimento,73.8,0.1
2451,desenvolvimento,74.2,0.1
2452,desenvolvimento,69.1,0.1
2453,desenvolvimento,73.9,0.1
2454,desenvolvimento,73.7,0.1
2455,desenvolvimento,72.7,0.1
2456,desenvolvimento,71.5,0.1
2457,desenvolvimento,64.1,0.3
2458,desenvolvimento,63.8,0.3
2459,desenvolvimento,63.5,0.3
2460,desenvolvimento,63.2,0.3
2461,desenvolvimento,62.7,0.3
2462,desenvolvimento,62.5,0.3
2463,desenvolvimento,62.0,0.3
2464,desenvolvimento,61.8,0.3
2465,desenvolvimento,61.4,0.3
2466,desenvolvimento,61.0,0.2
2467,desenvolvimento,67.0,0.2
2468,desenvolvimento,59.7,0.2
2469,desenvolvimento,59.6,0.2
2470,desenvolvimento,59.4,0.2
2471,desenvolvimento,58.9,0.2
2472,desenvolvimento,58.6,0.1
2473,desenvolvimento,71.6,0.4
2474,desenvolvimento,71.4,0.4
2475,desenvolvimento,71.2,0.4
2476,desenvolvimento,71.3,0.9
2477,desenvolvimento,76.0,0.1
2478,desenvolvimento,73.0,0.5
2479,desenvolvimento,70.0,0.6
2480,desenvolvimento,69.8,1.2
2481,desenvolvimento,69.5,0.8
2482,desenvolvimento,69.3,0.6
2483,desenvolvimento,68.9,0.6
2484,desenvolvimento,68.3,0.9
2485,desenvolvimento,68.0,1.0
2486,desenvolvimento,67.9,1.6
2487,desenvolvimento,67.7,1.8
2488,desenvolvimento,67.4,0.4
2489,desenvolvimento,58.9,7.1
2490,desenvolvimento,58.4,7.3
2491,desenvolvimento,57.6,9.8
2492,desenvolvimento,56.5,12.2
2493,desenvolvimento,55.0,15.7
2494,desenvolvimento,53.6,21.6
2495,desenvolvimento,52.6,33.7
2496,desenvolvimento,51.4,40.2
2497,desenvolvimento,50.0,40.7
2498,desenvolvimento,47.8,43.7
2499,desenvolvimento,46.0,49.1
2500,desenvolvimento,45.6,50.3
2501,desenvolvimento,45.9,50.6
2502,desenvolvimento,46.4,49.9
2503,desenvolvimento,47.1,48.8
2504,desenvolvimento,48.4,46.4
2505,desenvolvido,82.4,0.1
2506,desenvolvido,82.3,0.1
2507,desenvolvido,81.9,0.1
2508,desenvolvido,81.7,0.1
2509,desenvolvido,81.7,0.1
2510,desenvolvido,81.5,0.1
2511,desenvolvido,81.4,0.1
2512,desenvolvido,81.1,0.1
2513,desenvolvido,89.0,0.1
2514,desenvolvido,88.0,0.1
2515,desenvolvido,85.0,0.1
2516,desenvolvido,83.0,0.1
2517,desenvolvido,82.0,0.1
2518,desenvolvido,79.9,0.1
2519,desenvolvido,79.8,0.1
2520,desenvolvido,79.6,0.1
2521,desenvolvido,83.4,0.1
2522,desenvolvido,83.2,0.1
2523,desenvolvido,83.0,0.1
2524,desenvolvido,82.7,0.1
2525,desenvolvido,82.6,0.1
2526,desenvolvido,82.3,0.1
2527,desenvolvido,82.1,0.1
2528,desenvolvido,82.0,0.1
2529,desenvolvido,81.7,0.1
2530,desenvolvido,81.5,0.1
2531,desenvolvido,81.1,0.1
2532,desenvolvido,81.0,0.1
2533,desenvolvido,85.0,0.1
2534,desenvolvido,84.0,0.1
2535,desenvolvido,82.0,0.1
2536,desenvolvido,79.7,0.1
2537,desenvolvimento,64.5,0.1
2538,desenvolvimento,64.4,0.1
2539,desenvolvimento,63.6,0.1
2540,desenvolvimento,62.8,0.1
2541,desenvolvimento,71.7,0.1
2542,desenvolvimento,73.7,0.1
2543,desenvolvimento,73.8,0.1
2544,desenvolvimento,73.8,0.1
2545,desenvolvimento,73.8,0.1
2546,desenvolvimento,73.7,0.1
2547,desenvolvimento,73.5,0.1
2548,desenvolvimento,73.2,0.1
2549,desenvolvimento,73.0,0.1
2550,desenvolvimento,72.8,0.1
2551,desenvolvimento,72.7,0.1
2552,desenvolvimento,72.6,0.1
2553,desenvolvimento,69.7,0.2
2554,desenvolvimento,69.6,0.2
2555,desenvolvimento,69.3,0.2
2556,desenvolvimento,68.8,0.2
2557,desenvolvimento,68.1,0.2
2558,desenvolvimento,67.3,0.2
2559,desenvolvimento,66.7,0.2
2560,desenvolvimento,66.4,0.3
2561,desenvolvimento,66.1,0.3
2562,desenvolvimento,65.9,0.3
2563,desenvolvimento,65.5,0.3
2564,desenvolvimento,65.9,0.3
2565,desenvolvimento,65.2,0.3
2566,desenvolvimento,64.3,0.3
2567,desenvolvimento,64.0,0.3
2568,desenvolvimento,63.7,0.3
2569,desenvolvimento,74.9,0.1
2570,desenvolvimento,74.6,0.1
2571,desenvolvimento,74.5,0.1
2572,desenvolvimento,74.3,0.1
2573,desenvolvimento,74.1,0.2
2574,desenvolvimento,73.9,0.2
2575,desenvolvimento,73.7,0.3
2576,desenvolvimento,73.5,0.3
2577,desenvolvimento,73.3,0.4
2578,desenvolvimento,73.0,0.5
2579,desenvolvimento,72.5,0.5
2580,desenvolvimento,71.6,0.5
2581,desenvolvimento,71.7,0.6
2582,desenvolvimento,71.4,0.7
2583,desenvolvimento,71.2,0.8
2584,desenvolvimento,71.1,0.8
2585,desenvolvimento,75.7,0.1
2586,desenvolvimento,75.5,0.1
2587,desenvolvimento,75.3,0.1
2588,desenvolvimento,75.1,0.1
2589,desenvolvimento,74.9,0.1
2590,desenvolvimento,74.7,0.1
2591,desenvolvimento,74.4,0.1
2592,desenvolvimento,74.2,0.1
2593,desenvolvimento,73.5,0.1
2594,desenvolvimento,73.7,0.1
2595,desenvolvimento,73.6,0.1
2596,desenvolvimento,73.5,0.1
2597,desenvolvimento,73.2,0.1
2598,desenvolvimento,72.8,0.1
2599,desenvolvimento,73.1,0.1
2600,desenvolvimento,72.6,0.1
2601,desenvolvimento,68.3,0.1
2602,desenvolvimento,68.0,0.1
2603,desenvolvimento,67.7,0.1
2604,desenvolvimento,67.4,0.1
2605,desenvolvimento,67.2,0.1
2606,desenvolvimento,66.9,0.1
2607,desenvolvimento,66.6,0.1
2608,desenvolvimento,66.2,0.1
2609,desenvolvimento,65.8,0.1
2610,desenvolvimento,64.9,0.1
2611,desenvolvimento,63.7,0.1
2612,desenvolvimento,62.3,0.1
2613,desenvolvimento,61.0,0.1
2614,desenvolvimento,62.0,0.1
2615,desenvolvimento,59.4,0.1
2616,desenvolvimento,58.7,0.1
2617,desenvolvimento,59.9,1.0
2618,desenvolvimento,59.7,1.0
2619,desenvolvimento,59.4,1.5
2620,desenvolvimento,58.9,1.7
2621,desenvolvimento,58.3,2.6
2622,desenvolvimento,57.4,3.8
2623,desenvolvimento,56.7,4.3
2624,desenvolvimento,56.2,4.8
2625,desenvolvimento,55.9,5.1
2626,desenvolvimento,55.7,5.0
2627,desenvolvimento,55.0,5.0
2628,desenvolvimento,54.9,5.1
2629,desenvolvimento,54.7,5.2
2630,desenvolvimento,54.7,5.3
2631,desenvolvimento,54.6,5.3
2632,desenvolvimento,54.6,5.1
2633,desenvolvimento,73.5,0.1
2634,desenvolvimento,73.3,0.1
2635,desenvolvimento,73.2,0.1
2636,desenvolvimento,73.0,0.1
2637,desenvolvimento,72.9,0.1
2638,desenvolvimento,72.8,0.1
2639,desenvolvimento,72.5,0.1
2640,desenvolvimento,72.6,0.1
2641,desenvolvimento,72.5,0.1
2642,desenvolvimento,72.4,0.1
2643,desenvolvimento,72.3,0.1
2644,desenvolvimento,72.2,0.1
2645,desenvolvimento,72.0,0.1
2646,desenvolvimento,71.9,0.1
2647,desenvolvimento,71.8,0.1
2648,desenvolvimento,71.6,0.1
2649,desenvolvimento,71.2,0.3
2650,desenvolvimento,71.1,0.3
2651,desenvolvimento,71.0,0.3
2652,desenvolvimento,78.0,0.4
2653,desenvolvimento,76.0,0.4
2654,desenvolvimento,74.0,0.4
2655,desenvolvimento,71.0,0.2
2656,desenvolvimento,69.9,0.3
2657,desenvolvimento,69.7,0.7
2658,desenvolvimento,69.6,0.6
2659,desenvolvimento,69.5,0.5
2660,desenvolvimento,69.4,1.0
2661,desenvolvimento,69.3,0.5
2662,desenvolvimento,69.2,2.0
2663,desenvolvimento,69.1,1.2
2664,desenvolvimento,69.1,0.9
2665,desenvolvimento,75.3,0.1
2666,desenvolvimento,75.1,0.1
2667,desenvolvimento,74.9,0.1
2668,desenvolvimento,74.9,0.1
2669,desenvolvimento,74.8,0.1
2670,desenvolvimento,74.8,0.1
2671,desenvolvimento,74.7,0.1
2672,desenvolvimento,74.7,0.1
2673,desenvolvimento,74.6,0.1
2674,desenvolvimento,74.4,0.1
2675,desenvolvimento,74.2,0.1
2676,desenvolvimento,74.0,0.1
2677,desenvolvimento,73.7,0.1
2678,desenvolvimento,73.5,0.1
2679,desenvolvimento,73.2,0.1
2680,desenvolvimento,72.9,0.1
2681,desenvolvimento,75.8,0.1
2682,desenvolvimento,75.5,0.1
2683,desenvolvimento,75.2,0.1
2684,desenvolvimento,74.8,0.1
2685,desenvolvimento,74.5,0.1
2686,desenvolvimento,74.2,0.1
2687,desenvolvimento,73.9,0.1
2688,desenvolvimento,73.5,0.1
2689,desenvolvimento,73.2,0.1
2690,desenvolvimento,72.8,0.1
2691,desenvolvimento,72.4,0.1
2692,desenvolvimento,72.0,0.1
2693,desenvolvimento,71.6,0.1
2694,desenvolvimento,71.2,0.1
2695,desenvolvimento,78.0,0.1
2696,desenvolvimento,74.0,0.1
2697,desenvolvimento,66.3,0.1
2698,desenvolvimento,66.0,0.1
2699,desenvolvimento,65.4,0.1
2700,desenvolvimento,65.6,0.1
2701,desenvolvimento,65.6,0.1
2702,desenvolvimento,65.8,0.1
2703,desenvolvimento,65.6,0.1
2704,desenvolvimento,64.5,0.1
2705,desenvolvimento,64.1,0.1
2706,desenvolvimento,63.7,0.1
2707,desenvolvimento,63.3,0.1
2708,desenvolvimento,63.5,0.1
2709,desenvolvimento,63.4,0.1
2710,desenvolvimento,63.3,0.1
2711,desenvolvimento,64.0,0.1
2712,desenvolvimento,63.8,0.1
2714,desenvolvimento,62.3,3.1
2715,desenvolvimento,61.5,3.2
2716,desenvolvimento,67.0,4.0
2717,desenvolvimento,60.0,4.6
2718,desenvolvimento,59.3,6.8
2719,desenvolvimento,58.4,8.0
2720,desenvolvimento,57.5,8.1
2721,desenvolvimento,56.3,8.2
2722,desenvolvimento,55.5,8.4
2723,desenvolvimento,54.9,8.6
2724,desenvolvimento,53.2,8.7
2725,desenvolvimento,51.3,8.9
2726,desenvolvimento,51.0,9.4
2727,desenvolvimento,48.8,10.0
2728,desenvolvimento,47.7,10.8
2729,desenvolvimento,46.6,11.6
2730,desenvolvimento,71.3,0.2
2731,desenvolvimento,78.0,0.2
2732,desenvolvimento,71.0,0.2
2733,desenvolvimento,77.0,0.2
2734,desenvolvimento,75.0,0.2
2735,desenvolvimento,69.8,0.2
2736,desenvolvimento,69.2,0.3
2737,desenvolvimento,67.7,0.4
2738,desenvolvimento,67.5,0.7
2739,desenvolvimento,67.7,0.8
2740,desenvolvimento,67.0,0.9
2741,desenvolvimento,67.4,1.0
2742,desenvolvimento,67.6,0.9
2743,desenvolvimento,67.6,0.9
2744,desenvolvimento,67.7,0.8
2745,desenvolvimento,67.5,0.7
2746,desenvolvimento,77.1,0.1
2747,desenvolvimento,76.9,0.1
2748,desenvolvimento,76.7,0.1
2749,desenvolvimento,76.5,0.1
2750,desenvolvimento,76.3,0.1
2751,desenvolvimento,76.2,0.1
2752,desenvolvimento,76.0,0.1
2753,desenvolvimento,75.8,0.1
2754,desenvolvimento,75.6,0.1
2755,desenvolvimento,75.4,0.1
2756,desenvolvimento,75.3,0.1
2757,desenvolvimento,75.1,0.1
2758,desenvolvimento,74.9,0.1
2759,desenvolvimento,74.7,0.1
2760,desenvolvimento,74.5,0.1
2761,desenvolvimento,74.2,0.1
2762,desenvolvido,81.2,0.1
2763,desenvolvido,81.0,0.1
2764,desenvolvido,87.0,0.1
2765,desenvolvido,86.0,0.1
2766,desenvolvido,86.0,0.1
2767,desenvolvido,82.0,0.1
2768,desenvolvido,81.0,0.1
2769,desenvolvido,79.6,0.1
2770,desenvolvido,79.5,0.1
2771,desenvolvido,79.3,0.1
2772,desenvolvido,79.0,0.1
2773,desenvolvido,78.8,0.1
2774,desenvolvido,78.3,0.1
2775,desenvolvido,78.2,0.1
2776,desenvolvido,78.0,0.1
2777,desenvolvido,77.8,0.1
2778,desenvolvimento,61.8,1.4
2779,desenvolvimento,67.0,1.4
2780,desenvolvimento,59.7,2.1
2781,desenvolvimento,58.6,2.4
2782,desenvolvimento,58.3,3.1
2783,desenvolvimento,57.5,4.6
2784,desenvolvimento,56.9,6.4
2785,desenvolvimento,56.2,7.4
2786,desenvolvimento,54.5,8.5
2787,desenvolvimento,53.1,9.4
2788,desenvolvimento,52.2,10.0
2789,desenvolvimento,51.5,10.8
2790,desenvolvimento,58.0,11.5
2791,desenvolvimento,52.0,12.1
2792,desenvolvimento,49.6,12.5
2793,desenvolvimento,49.2,12.8
2794,desenvolvido,79.3,0.1
2795,desenvolvido,79.1,0.1
2796,desenvolvido,78.9,0.1
2797,desenvolvido,78.8,0.1
2798,desenvolvido,78.7,0.1
2799,desenvolvido,78.7,0.1
2800,desenvolvido,78.5,0.1
2801,desenvolvido,78.2,0.1
2802,desenvolvido,78.1,0.1
2803,desenvolvido,77.8,0.1
2804,desenvolvido,77.5,0.1
2805,desenvolvido,77.5,0.1
2806,desenvolvido,77.2,0.1
2807,desenvolvido,77.0,0.1
2808,desenvolvido,76.9,0.1
2809,desenvolvido,76.8,0.1
2810,desenvolvimento,77.0,0.1
2811,desenvolvimento,76.8,0.1
2812,desenvolvimento,76.8,0.1
2813,desenvolvimento,76.5,0.1
2814,desenvolvimento,77.0,0.1
2815,desenvolvimento,76.3,0.1
2816,desenvolvimento,76.6,0.1
2817,desenvolvimento,76.4,0.1
2818,desenvolvimento,75.4,0.1
2819,desenvolvimento,76.2,0.1
2820,desenvolvimento,75.7,0.1
2821,desenvolvimento,75.4,0.1
2822,desenvolvimento,75.4,0.1
2823,desenvolvimento,75.4,0.1
2824,desenvolvimento,75.2,0.1
2825,desenvolvimento,75.1,0.1
2826,desenvolvimento,69.4,0.1
2827,desenvolvimento,69.2,0.1
2828,desenvolvimento,69.1,0.1
2829,desenvolvimento,68.8,0.1
2830,desenvolvimento,68.5,0.1
2831,desenvolvimento,68.3,0.2
2832,desenvolvimento,68.0,0.2
2833,desenvolvimento,67.9,0.3
2834,desenvolvimento,67.8,0.3
2835,desenvolvimento,67.6,0.4
2836,desenvolvimento,67.3,0.3
2837,desenvolvimento,67.8,0.3
2838,desenvolvimento,67.2,0.3
2839,desenvolvimento,67.1,0.2
2840,desenvolvimento,67.4,0.2
2841,desenvolvimento,67.1,0.1
2842,desenvolvimento,72.0,0.1
2843,desenvolvimento,71.7,0.1
2844,desenvolvimento,71.6,0.1
2845,desenvolvimento,71.4,0.1
2846,desenvolvimento,71.2,0.1
2847,desenvolvimento,71.0,0.1
2848,desenvolvimento,78.0,0.1
2849,desenvolvimento,75.0,0.1
2850,desenvolvimento,73.0,0.1
2851,desenvolvimento,71.0,0.1
2852,desenvolvimento,69.9,0.1
2853,desenvolvimento,69.6,0.1
2854,desenvolvimento,69.4,0.1
2855,desenvolvimento,69.3,0.1
2856,desenvolvimento,69.1,0.1
2857,desenvolvimento,69.0,0.1
2858,desenvolvimento,74.1,0.1
2859,desenvolvimento,73.9,0.1
2860,desenvolvimento,73.8,0.1
2861,desenvolvimento,73.7,0.1
2862,desenvolvimento,73.8,0.1
2863,desenvolvimento,73.7,0.1
2864,desenvolvimento,73.6,0.1
2865,desenvolvimento,73.2,0.1
2866,desenvolvimento,73.4,0.1
2867,desenvolvimento,73.6,0.1
2868,desenvolvimento,73.6,0.1
2869,desenvolvimento,73.3,0.1
2870,desenvolvimento,72.4,0.1
2871,desenvolvimento,73.1,0.1
2872,desenvolvimento,72.5,0.1
2873,desenvolvimento,72.5,0.1
2874,desenvolvimento,76.0,0.1
2875,desenvolvimento,75.9,0.1
2876,desenvolvimento,75.7,0.1
2877,desenvolvimento,75.6,0.1
2878,desenvolvimento,75.4,0.1
2879,desenvolvimento,75.2,0.1
2880,desenvolvimento,75.0,0.1
2881,desenvolvimento,74.9,0.2
2882,desenvolvimento,74.7,0.2
2883,desenvolvimento,74.6,0.2
2884,desenvolvimento,74.4,0.2
2885,desenvolvimento,74.2,0.2
2886,desenvolvimento,74.0,0.2
2887,desenvolvimento,73.8,0.2
2888,desenvolvimento,73.6,0.1
2889,desenvolvimento,73.4,0.1
2890,desenvolvimento,65.7,0.1
2891,desenvolvimento,65.4,0.1
2892,desenvolvimento,65.4,0.1
2893,desenvolvimento,64.7,0.1
2894,desenvolvimento,64.6,0.1
2895,desenvolvimento,64.4,0.1
2896,desenvolvimento,64.1,0.1
2897,desenvolvimento,63.8,0.1
2898,desenvolvimento,63.4,0.1
2899,desenvolvimento,63.0,0.1
2900,desenvolvimento,62.6,0.1
2901,desenvolvimento,62.2,0.1
2902,desenvolvimento,61.9,0.1
2903,desenvolvimento,61.5,0.1
2904,desenvolvimento,61.1,0.1
2905,desenvolvimento,68.0,0.1
2906,desenvolvimento,61.8,4.1
2907,desenvolvimento,61.1,4.3
2908,desenvolvimento,63.0,4.8
2909,desenvolvimento,59.2,5.6
2910,desenvolvimento,58.2,6.3
2911,desenvolvimento,58.0,6.8
2912,desenvolvimento,57.4,9.1
2913,desenvolvimento,55.7,11.9
2914,desenvolvimento,52.6,13.6
2915,desenvolvimento,58.0,15.9
2916,desenvolvimento,49.3,17.0
2917,desenvolvimento,47.9,17.6
2918,desenvolvimento,46.4,18.2
2919,desenvolvimento,45.5,18.4
2920,desenvolvimento,44.6,18.6
2921,desenvolvimento,43.8,18.7
2922,desenvolvimento,67.0,6.2
2923,desenvolvimento,59.2,6.3
2924,desenvolvimento,58.0,6.8
2925,desenvolvimento,56.6,8.8
2926,desenvolvimento,54.9,13.3
2927,desenvolvimento,52.4,15.7
2928,desenvolvimento,50.0,18.1
2929,desenvolvimento,48.2,20.5
2930,desenvolvimento,46.6,23.7
2931,desenvolvimento,45.4,26.8
2932,desenvolvimento,44.6,30.3
2933,desenvolvimento,44.3,33.6
2934,desenvolvimento,44.5,36.7
2935,desenvolvimento,44.8,39.8
2936,desenvolvimento,45.3,42.1
2937,desenvolvimento,46.0,43.5
